country,1951,1952,1953,1954,1955,1956,1957,1958,1959,1960,1961,1962,1963,1964,1965,1966,1967,1968,1969,1970,1971,1972,1973,1974,1975,1976,1977,1978,1979,1980,1981,1982,1983,1984,1985,1986,1987,1988,1989,1990,1991,1992,1993,1994,1995,1996,1997,1998,1999,2000,2001,2002,2003,2004,2005,2006,2007,2008,2009,2010,2011,2012,2013,2014,2015,2016,2017,2018,2019,2020,2021,2022
Afghanistan,,,,,,,,,,,,,,,,,,,,,,,,,,,,,500k,1.73M,3.88M,4.49M,4.71M,4.42M,4.65M,5.09M,5.51M,5.62M,5.64M,6.34M,6.31M,4.55M,3.37M,2.73M,2.68M,2.67M,2.68M,2.67M,2.6M,3.63M,3.84M,2.54M,2.16M,2.43M,2.18M,2.12M,3.07M,2.86M,2.92M,3.09M,2.7M,2.65M,2.63M,2.68M,2.93M,2.87M,2.96M,2.99M,2.98M,2.83M,2.98M,3.11M
Angola,,,,,,,,,,150k,150k,170k,175k,200k,220k,304k,356k,381k,408k,414k,420k,422k,427k,497k,502k,499k,530k,646k,653k,449k,457k,466k,298k,358k,317k,355k,392k,408k,409k,408k,382k,300k,324k,283k,247k,250k,268k,319k,353k,439k,480k,450k,341k,238k,224k,208k,187k,172k,142k,136k,129k,20.4k,11.7k,11.2k,15.1k,13.2k,16.1k,17.1k,18.9k,20.6k,24.1k,25.7k
Albania,,,,,,,,,,,,,,100,4860,4860,4260,4120,4290,4310,390,2300,2090,380,380,0,2000,1980,1610,1680,1680,1650,1610,1580,1590,90,129,358,367,1820,3540,4360,4750,5020,5800,5780,5380,5350,6290,9620,11.6k,15.7k,14.9k,13.8k,15.3k,16.4k,17k,16.8k,17.3k,16.1k,15.7k,16.3k,19.9k,25.3k,52.6k,34.8k,30.9k,34.6k,34k,33.2k,42.2k,44.8k
Andorra,,,,,,,,,,,,,,,,,,,,,,,,,,,,,,,,,,,,,,,,,,,,,,,,,,,7,14,12,5,15,10,15,10,5,5,5,6,5,5,10,5,5,0,0,5,5,11
UAE,,,,,,,,,,,,,,,,,,0,0,0,0,0,0,0,0,0,0,0,0,0,0,0,0,0,0,0,0,0,0,0,0,0,0,0,0,0,0,5,5,25,47,65,38,74,46,270,315,263,433,442,490,593,125,152,194,263,344,441,336,362,375,386
Argentina,,,,,,,,,,,,,,,,,,,0,0,0,0,0,0,0,0,0,0,0,38,38,1020,42,42,51,52,47,46,103,332,196,111,97,467,330,218,157,140,585,2170,2110,2100,1900,1290,1140,1060,1280,1180,758,637,560,476,452,413,346,339,473,601,1030,1290,1900,2240
Armenia,,,,,,,,,,,,,,170,0,0,0,200,200,200,4070,3500,0,0,0,0,440,420,700,333,333,733,333,333,333,528,208,300,0,0,0,195k,200k,202k,201k,203k,204k,193k,193k,11k,13.3k,18.9k,18.1k,17.5k,18.3k,20.3k,19.4k,20.1k,22.1k,20.5k,19.1k,18.8k,17.4k,18.1k,19.7k,23.8k,25.7k,24.7k,22.1k,19.2k,21.5k,25k
Antigua and Barbuda,,,,,,,,,,,,,,,,,,,,,,,,,,,,,,,,,,,,,,,,,,,,,,,,,,6,11,46,27,26,20,26,24,50,68,60,64,80,78,68,68,112,162,154,182,159,160,104
Australia,0,0,0,0,0,0,0,0,0,0,0,0,0,0,0,0,0,0,0,0,0,0,0,0,0,0,0,0,0,0,0,0,0,0,0,0,0,0,0,0,0,0,0,0,0,0,0,0,0,5,10,23,17,18,41,34,57,46,32,48,43,52,32,27,21,25,20,27,70,32,37,75
Austria,0,0,0,0,0,0,0,0,0,0,0,0,0,0,0,0,0,0,0,0,0,0,0,0,0,0,0,0,0,0,0,0,0,0,0,0,0,0,0,0,0,0,0,60,49,53,54,63,47,33,32,82,79,49,62,46,24,15,15,10,10,20,15,5,5,5,36,34,28,18,28,31
Azerbaijan,,,,,,,,,,,,,,,,,,,,,,,,,,,,,,,,,,,,,,,,,,300k,328k,299k,201k,236k,235k,330k,311k,290k,274k,265k,258k,255k,238k,129k,17.8k,18.2k,19.4k,18.8k,18.4k,17.7k,14.4k,14.9k,14.9k,18.2k,20.4k,20.6k,19.9k,108k,44.7k,47k
Burundi,,,,,,,,,,,0,0,0,0,3000,250,0,0,0,0,0,129k,132k,121k,142k,152k,154k,148k,152k,170k,183k,176k,177k,183k,200k,211k,187k,190k,191k,192k,224k,184k,871k,390k,351k,429k,519k,503k,527k,572k,558k,582k,540k,494k,447k,402k,383k,288k,99.1k,91.5k,111k,86.3k,87k,91.8k,320k,432k,500k,441k,434k,423k,376k,371k
Belgium,0,0,0,0,0,0,0,0,0,0,0,0,0,0,0,0,0,0,0,0,0,0,0,0,0,0,0,0,0,0,0,0,0,0,0,0,0,0,0,0,0,0,0,0,5,5,9,14,15,40,29,45,51,58,115,98,63,85,90,86,88,104,107,97,103,64,89,129,139,90,118,123
Benin,,,,,,,,,,,,,,,,,,,0,0,0,0,0,0,0,100,0,200,200,0,0,0,0,0,0,50,50,50,60,0,0,0,62,72,50,42,41,45,44,195,234,454,521,510,674,361,420,494,608,663,729,879,795,1010,1540,1620,1700,1740,1940,1960,2110,2140
Burkina Faso,,,,,,,,,,,,,,,,,,,,,,,,,,,,,,,,,0,50,90,110,50,0,0,0,6,61,61,69,60,64,112,100,101,366,332,1150,1000,687,801,566,811,1030,1360,1640,1600,1960,2520,3420,4840,6550,8250,16.4k,16.7k,20.8k,25.8k,52.4k
Bangladesh,,,,,,,,,,,,,,,,,,,,,,,,,,,,0,0,0,0,0,0,0,0,0,0,5,5,477,613,53.9k,57.2k,56.2k,57k,58k,44.4k,4660,4470,8730,8990,10.6k,13.8k,15.1k,17.5k,11.8k,17.6k,16.8k,12.3k,16.5k,15.3k,18.3k,32.6k,32.5k,42.7k,39.8k,84.9k,79.9k,85.6k,83.6k,88.2k,90.5k
Bulgaria,,,,,,,,,,,,,,,,,,,90,320,340,340,340,300,300,0,0,290,0,329,274,257,227,183,190,160,138,898,869,1920,2730,2980,3160,4690,4160,3250,3050,3120,2650,3710,3630,4590,3940,3450,5460,4250,3710,3330,3180,2680,2510,2280,2050,1830,1470,1060,1030,987,910,860,795,949
Bahrain,,,,,,,,,,,,,,,,,,,,,,,,0,0,0,0,0,0,0,0,0,0,0,0,0,0,0,0,39,52,53,59,74,70,64,82,94,124,143,51,54,55,70,62,70,81,82,72,105,285,397,363,442,503,579,669,676,713,652,553,503
Bahamas,,,,,,,,,,,,,,,,,,,,,,,,,,,,,,,,,,,,,,,,,,0,0,0,0,0,0,0,0,7,26,163,18,19,18,34,37,37,44,45,219,227,235,256,296,417,613,812,1030,1230,1390,1510
Bosnia and Herzegovina,,,,,,,,,,,,,,,,,,,,,,,,,,,,,,,,,,,,,,,,,,438k,618k,776k,770k,994k,849k,640k,598k,509k,452k,412k,302k,230k,112k,202k,79.4k,75.5k,71.2k,64.3k,60.5k,54.6k,30.9k,28.4k,25.8k,21.3k,19.6k,18.6k,18k,16.9k,19.8k,19.6k
Belarus,,,,,,,,,,,,,,,,,,,,,,,,,,,,,,,,,,,,,,,,,,,,37,84,499,300,292,1510,3280,4820,8440,9920,9630,10.3k,11.1k,6160,6460,6490,6470,6830,7190,5260,5230,5590,5820,6510,6810,7440,7840,11.4k,16.2k
Belize,,,,,,,,,,,,,,,,,,,,,,,,,,,,,,0,0,0,0,0,0,0,0,0,0,0,0,0,0,8,8,5,0,0,11,26,30,33,37,29,29,27,23,35,32,31,43,40,90,125,144,218,270,287,351,382,450,464
Bolivia,,,,,,,,,,,,,,,,,,,,1400,2930,1730,0,1650,90,60,0,0,0,170,100,270,0,0,0,0,0,0,26,729,67,28,40,177,180,177,163,187,176,298,317,707,745,660,615,795,844,608,732,723,767,778,795,856,908,941,1390,1510,1750,1910,2380,2370
Brazil,,,,,,,,,,,,,,,,,,,0,0,2000,2000,0,0,0,0,0,0,0,5,5,5,5,5,5,5,0,0,6,15,11,11,9,41,52,84,103,134,194,869,1050,1590,1640,1410,960,1130,1920,1760,1330,1230,1240,1320,1530,2170,3040,4560,7640,9610,13.4k,18.4k,28.4k,37.6k
Barbados,,,,,,,,,,,,,,,,,,,,,,,,,,,,,,,,,,,,,,,,,,,,5,0,0,0,0,0,13,30,67,51,22,26,65,69,78,94,92,115,106,114,99,119,188,248,292,359,350,356,361
Brunei,,,,,,,,,,,,,,,,,,,,,,,,,,,,,,,,,,,,,,,,,,,,,5,0,0,0,0,0,0,0,0,0,47,0,0,0,0,0,0,0,0,0,5,5,9,0,10,10,5,6
Bhutan,,,,,,,,,,,,,,,,0,0,0,0,0,0,0,0,0,0,0,0,0,0,0,0,0,0,0,0,0,0,0,0,0,9500,75.4k,85.3k,103k,105k,107k,109k,106k,108k,109k,111k,113k,104k,106k,108k,110k,112k,106k,90.1k,76.1k,59k,41.7k,31.7k,23.8k,17.9k,12k,8350,7490,7250,7150,7190,7170
Botswana,,,,,,,,,,,,,,,,,,0,0,0,0,0,0,0,0,0,0,0,0,0,0,0,0,0,0,0,0,0,5,5,5,5,5,22,27,22,16,16,10,5,5,15,21,12,8,37,69,177,227,241,256,251,266,303,379,392,374,378,367,325,335,466
Central African Republic,,,,,,,,,,,,,,0,0,0,0,0,0,0,0,0,0,0,0,0,0,0,0,0,0,15k,0,0,0,230,160,170,310,100,320,325,309,264,241,240,139,168,190,189,29.1k,26k,36.2k,32.3k,44.7k,73.8k,99.4k,126k,160k,166k,165k,166k,260k,426k,482k,501k,559k,608k,626k,656k,752k,752k
Canada,0,0,0,0,0,0,0,0,0,0,0,0,0,0,0,0,0,0,0,0,0,0,0,0,0,0,0,0,0,0,0,0,0,0,0,0,0,0,0,0,5,5,5,5,5,10,12,16,19,32,14,72,83,75,155,138,589,155,106,91,108,126,117,144,407,130,153,160,159,173,186,317
Switzerland,0,0,0,0,0,0,0,0,0,0,0,0,0,0,0,0,0,0,0,0,0,0,0,0,0,0,0,0,0,0,0,0,0,0,0,0,0,0,0,0,0,0,0,8,27,32,54,76,90,69,60,60,34,11,14,38,33,32,24,20,20,21,11,16,16,15,15,18,25,21,21,26
Chile,,,,,,,,,,,,,,,,,,,0,0,0,0,0,13.6k,15.3k,2670,3000,3130,3130,1510,1890,2480,1790,1550,2180,2430,1910,608,1200,14.5k,14k,14k,15.3k,15.5k,14.3k,12.8k,9780,7010,1540,1020,1030,2220,1860,1380,1010,881,1090,1120,1480,1330,1300,1210,654,669,703,695,843,993,1740,2770,10k,11.2k
China,,,,,,,,,,,,,,1.2M,1.33M,1.33M,74k,70k,65k,66k,70k,75k,0,0,0,0,0,0,0,24,24,104,24,24,124,154,24,265,413,1430,2010,82.6k,112k,114k,105k,106k,107k,109k,112k,128k,137k,157k,154k,154k,143k,158k,165k,195k,199k,192k,202k,209k,220k,258k,271k,280k,297k,306k,317k,283k,289k,281k
Cote d'Ivoire,,,,,,,,,,,,,,,,,,,0,0,0,0,0,0,0,0,0,0,0,0,0,0,0,0,0,0,0,0,0,0,15,37,41,102,203,272,355,531,561,1450,1640,25.4k,36.9k,28.4k,24.7k,32.7k,29.6k,28.7k,28.4k,47.8k,173k,112k,96.6k,85.4k,84.9k,65.4k,66.5k,61.2k,59.2k,71.7k,72.5k,51.6k
Cameroon,,,,,,,,,,,,,,,,,,,,0,0,0,0,0,0,0,0,0,0,0,0,0,0,0,0,0,0,0,60,100,0,84,170,236,2020,2110,2250,1350,1650,3560,4890,8070,9560,11.4k,14k,13.8k,14.5k,16.8k,17k,17k,17.6k,16.7k,15.6k,15.8k,17.9k,21.3k,35.6k,63.8k,88.1k,101k,148k,160k
"Congo, Dem. Rep.",,,,,,,,,,0,0,0,0,58.7k,47k,74.8k,78.2k,67.3k,54.5k,51.6k,43.5k,43.9k,43.4k,39.8k,39.4k,44.1k,265k,152k,70.5k,117k,119k,92.5k,102k,94.5k,86.4k,96.6k,69.4k,104k,101k,67.4k,65.8k,81.3k,74.8k,73.3k,89.7k,159k,174k,159k,256k,392k,420k,465k,505k,513k,487k,431k,407k,404k,487k,520k,544k,568k,565k,584k,618k,620k,757k,854k,948k,986k,1.06M,1.05M
"Congo, Rep.",,,,,,,,,,,,,,,,,930,330,0,0,0,0,0,0,110,0,0,0,0,6,6,6,6,6,6,6,0,0,0,0,5,7,7,33,172,214,21.1k,17.1k,27.3k,31.7k,28.5k,35k,35.9k,35.3k,32.6k,25.5k,25.8k,25k,23.7k,23.7k,14.8k,14.6k,15k,17.9k,18.8k,17.6k,26.4k,25.1k,24k,25.4k,27k,26.9k
Colombia,,,,,,,,,,,,,,,,,,,,0,0,0,0,0,0,0,0,0,0,0,50,100,0,0,60,50,50,35,65,493,738,841,1040,1360,1900,2170,2380,3540,4410,14.3k,33.4k,52.5k,60.9k,68.9k,80.2k,94.7k,595k,426k,454k,456k,439k,413k,412k,365k,347k,324k,224k,184k,265k,261k,196k,220k
Comoros,,,,,,,,,,,,,,,,,,,,,,,,,,,,,,,,,,,,,,,5,5,0,0,0,5,10,10,5,27,27,121,107,76,107,569,573,78,134,412,273,370,448,503,827,928,776,798,922,1120,2120,3440,3500,3160
Cape Verde,,,,,,,,,,,,,,,,300,300,430,400,400,0,0,0,0,0,0,0,0,0,0,0,0,0,0,0,0,0,0,0,0,0,0,0,0,0,0,0,0,0,13,24,16,18,16,14,44,33,27,22,22,27,32,39,73,122,108,186,216,260,263,283,290
Costa Rica,,,,,,,,,,,,,,,,,,,,,,0,0,0,0,0,0,0,0,0,0,0,0,0,0,0,0,0,0,0,0,5,5,222,209,136,86,50,73,281,757,1830,1560,487,309,357,422,419,420,426,371,348,923,539,587,514,681,755,945,1010,1220,1350
Cuba,,,,,,,,,,,,,,,,,,,14.5k,16.7k,54.5k,17.1k,0,1600,0,0,0,0,3560,1700,2710,655,925,1360,1880,686,836,3870,7680,13.5k,17.6k,21.3k,22.4k,23.3k,24.9k,25.5k,24.9k,23.6k,23.3k,23.5k,22.5k,20.7k,18.3k,17.7k,20.7k,34.9k,8560,8800,9750,11.8k,8750,8550,8570,9310,9180,11k,18.6k,32.1k,62.6k,71.1k,83.1k,120k
Cyprus,,,,,,,,,,,,,,,,,,0,0,0,0,0,0,0,0,0,700,0,0,0,0,0,0,0,0,0,0,11,11,11,0,0,0,6,9,9,7,10,17,22,13,20,10,0,5,5,10,10,10,10,10,10,10,10,5,5,20,27,35,19,20,27
Czech Republic,,,,,,,,,,,,,,,,,,,,70,70,70,60,50,50,0,0,0,0,393,389,494,421,456,981,411,385,5650,5790,6120,4490,3330,5020,4650,2040,977,695,1930,1240,985,1390,7170,7040,4700,3790,2320,1510,2140,3160,1960,1410,814,1100,1420,1400,1500,1580,1460,1350,1270,919,763
Germany,0,0,0,0,0,0,0,0,0,0,0,0,0,0,0,0,0,0,0,0,0,0,0,0,0,0,0,0,0,0,0,0,0,0,0,0,0,0,0,0,5,5,8,449,384,421,443,689,1300,1240,1080,997,780,135,140,194,193,262,248,189,198,195,237,247,239,195,245,237,270,237,307,387
Djibouti,,,,,,,,,,,,,,,,,,,,,,,,,,,0,0,0,0,0,0,0,0,0,0,0,0,0,5,10,10,36,18.1k,18.1k,18.1k,8140,3220,1880,2050,632,582,590,528,713,585,672,693,772,782,870,925,1140,1280,1600,2270,3050,3220,3190,3300,3600,2730
Dominica,,,,,,,,,,,,,,,,,,,,,,,,,,,,,,,,,,,,,,,,,,,,,,,,,,16,28,53,41,41,76,66,66,75,69,67,60,64,61,48,124,146,89,92,132,129,178,203
Denmark,0,0,0,0,0,0,0,0,0,0,0,0,0,0,0,0,0,0,0,0,0,0,0,0,0,0,0,0,0,0,0,0,0,0,0,0,0,0,0,0,0,0,0,11,18,34,33,28,25,31,5,12,15,15,15,15,15,16,10,6,6,6,11,21,26,5,21,35,42,22,33,27
Dominican Republic,,,,,,,,,,,,,,,,,,,,0,0,0,0,0,0,0,0,50,0,0,0,0,0,0,0,0,0,0,0,0,0,0,0,30,30,29,50,42,45,98,169,227,212,239,139,264,483,580,623,624,586,635,1140,1490,2090,2710,3590,3880,4580,4790,5280,5940
Algeria,,,,,,,,,,,,,,,,,,,,0,0,0,0,0,0,0,0,0,0,0,5,5,5,5,5,0,0,5,5,18,55,69,84,20.7k,1520,2250,3410,5720,7140,10.3k,11.1k,14.5k,13.6k,12k,13.4k,9870,11.9k,10.6k,9710,8380,8280,8120,7930,8640,11.1k,10.9k,10.5k,11.6k,12.2k,12.3k,12.9k,14.4k
Ecuador,,,,,,,,,,,,,,,,,,,,,,0,0,0,0,0,0,0,0,0,0,0,0,0,0,0,0,0,0,5,27,38,48,174,203,216,215,507,492,939,1080,1650,1410,1210,1050,1140,1610,1310,1310,1060,1170,1370,3050,7770,11.4k,14.7k,18.6k,19.2k,21k,23.8k,29.1k,37k
Egypt,,,,,,,,,,,,,,0,0,0,0,0,0,0,0,0,0,0,0,0,0,50,0,0,5,5,6,6,7,8,8,14,13,50,98,210,257,501,870,1200,1720,2610,3490,5110,6120,8270,7750,7600,8620,9280,8400,8580,8610,8470,10.5k,14.1k,22.3k,26.7k,30.1k,32.8k,36.7k,41.6k,44k,42.9k,48.5k,49.4k
Eritrea,,,,,,,,,,,,,,,,,,,,,,,,,,,,,400,542,1540,1590,1390,1390,1390,177,167,133,43,43,501k,503k,427k,422k,287k,332k,319k,347k,347k,379k,336k,344k,127k,134k,148k,199k,221k,201k,224k,236k,267k,306k,337k,417k,470k,525k,565k,586k,576k,598k,589k,578k
Spain,0,0,0,0,0,0,0,0,0,0,0,0,0,0,0,0,0,0,0,680,670,650,390,210,140,510,0,0,0,5,5,50,600,60,60,0,60,0,0,0,0,0,0,42,36,217,214,57,49,96,63,83,91,81,69,2460,48,43,85,111,127,136,124,128,145,154,236,284,327,346,478,546
Estonia,,,,,,,,,,,,,,,,,,,,,,,,,,,,,,,,,,,,,,,,,,59,95,296,350,1310,1270,792,634,534,581,1220,1200,992,870,745,313,281,283,257,259,483,371,371,354,345,330,318,329,320,319,214
Ethiopia,,,,,,,,,,,,,,,,,28.6k,31k,31k,54.4k,55.2k,44.6k,46.3k,49.2k,91.4k,106k,655k,888k,1.62M,2.57M,1.36M,1.33M,1.35M,1.55M,1.75M,1.53M,1.49M,1.51M,1.47M,1.35M,251k,313k,252k,226k,101k,96.3k,84.4k,70.7k,71k,80.9k,71.3k,70.2k,73.5k,76.3k,81.7k,90.7k,89.3k,95.4k,112k,118k,109k,117k,126k,148k,163k,163k,221k,225k,229k,276k,288k,296k
Finland,,,,,,,,,,,,,,,,,,,,,,,,,,,,,,,,,,0,0,0,0,0,0,0,0,0,0,0,0,0,0,5,5,10,5,13,11,5,10,10,5,0,6,6,11,11,10,5,10,10,15,10,10,0,5,15
Fiji,,,,,,,,,,,,,,,,,,,,,,,,,,,,,,,,,,,,,,,,,,19,89,156,222,305,326,301,328,2060,2650,2570,2110,1800,1750,1930,2020,2060,2250,2150,1830,1580,1570,1700,1320,1300,1410,1970,2930,3200,3410,3540
France,0,0,0,0,0,0,0,0,0,0,0,0,0,0,0,0,0,0,0,0,0,0,0,0,0,0,0,0,0,0,0,0,0,0,0,0,0,0,0,0,0,0,0,20,14,46,60,62,60,119,100,165,176,167,340,114,147,152,149,123,143,132,134,124,167,166,194,278,318,224,317,396
"Micronesia, Fed. Sts.",,,,,,,,,,,,,,,,,,,,,,,,,,,,,,,,,,,,,,,,,,,,,,,,,,,,5,5,5,0,0,0,0,0,0,0,0,0,0,6,0,,,,,,
Gabon,,,,,,,,,,,,,,,,,,,0,0,0,0,0,0,0,0,0,0,0,0,0,0,0,0,0,0,0,0,0,0,0,17,17,22,27,22,17,27,27,40,69,86,71,76,133,136,137,155,178,204,215,245,284,295,398,598,912,1080,1330,1570,1520,1400
UK,0,0,0,0,0,0,0,0,0,0,0,0,0,0,0,0,0,0,0,0,0,0,0,0,0,0,0,0,0,0,0,0,0,0,0,0,0,0,0,0,0,0,0,106,75,69,75,88,102,178,181,232,210,187,191,213,234,206,199,195,190,195,206,214,237,178,243,268,296,262,378,503
Georgia,,,,,,,,,,,,,,,,,,,,,,,,,,,,,,,,,,,,,,,,,,,6010,5110,305,48.5k,47.2k,35.7k,29.9k,23.3k,20k,19.7k,15.5k,9400,10.3k,10.7k,15.9k,17.7k,19.8k,17.8k,13.1k,13.8k,18.3k,14.5k,15.8k,20.6k,23k,28k,27.3k,22.8k,26.4k,32.7k
Ghana,,,,,,,,,,,5000,5000,5000,5000,5000,0,0,0,0,0,0,0,0,0,0,0,0,0,0,0,0,310,1960,2200,3200,2700,3920,4770,4720,4690,4700,4780,4470,14.3k,13.6k,15.1k,14.8k,13.6k,13.3k,15.7k,15.6k,16.8k,17.5k,16.4k,20.7k,11.1k,6680,15.2k,16.2k,22.2k,22.8k,27.7k,26k,29.7k,33.7k,27.4k,34.5k,30.6k,29k,23.9k,23.4k,24.3k
Guinea,,,,,,,,,,,,,,,,,,,,,300,0,0,0,300k,500k,3000,0,0,0,0,50,0,70,0,50,50,50,50,0,0,16,27,101,441,520,641,911,1150,4010,5870,7220,7030,7260,9080,9490,10.2k,11.5k,13.7k,14.7k,17.8k,23.6k,26.2k,33.1k,34.8k,41.9k,54.9k,56.5k,57.3k,58.4k,60.9k,61.2k
Gambia,,,,,,,,,,,,,,,,,,,,,,,,,,,,,,,,,,,,,,,,5,16,25,27,24,156,308,421,574,678,1030,1030,1140,1090,1120,2340,2260,2250,2460,3120,3280,3750,4820,7200,15.6k,21.3k,30.5k,36.8k,31.3k,27k,17.7k,16.8k,16.4k
Guinea-Bissau,,,,,,,,,,,,,6000,30k,50k,61k,59.5k,56.7k,67.8k,66.7k,80k,82k,84k,90k,46k,37k,5000,5000,5000,5000,4000,5000,5000,5010,5350,5360,5000,5000,5000,5000,5010,5010,5010,5010,830,854,865,8890,3190,1570,1670,1260,1190,1210,1290,1290,1270,1310,1420,1460,1600,2070,2420,3070,3390,3520,5370,4890,4760,4350,4590,4430
Equatorial Guinea,,,,,,,,,,,,,,,,,,0,0,0,0,0,0,1000,90k,90k,120k,90k,40k,38k,18k,18k,0,0,0,0,0,0,0,0,60,115,214,340,342,398,474,419,422,545,561,610,636,590,528,487,431,429,373,378,298,308,256,249,227,231,237,316,322,338,403,461
Greece,0,0,0,0,0,0,0,0,0,0,0,0,0,0,17.7k,7090,23.4k,21.8k,21.6k,21.3k,1480,6610,5900,580,510,450,410,380,360,340,320,300,280,260,0,0,0,6,6,16,6,0,0,93,221,247,175,173,163,149,142,336,305,253,376,116,102,82,82,88,92,175,188,167,176,177,201,235,228,212,258,303
Grenada,,,,,,,,,,,,,,,,,,,,,,,,,,,,,,,,,,,,,,9,5,5,5,0,0,5,6,10,11,19,35,112,228,447,334,219,252,240,356,375,420,407,370,365,371,376,321,163,165,155,169,151,149,151
Guatemala,,,,,,,,,,,,,,,,,,,,,,0,0,0,0,0,0,0,0,750,1910,36.5k,41.8k,47.9k,52.9k,52.8k,53.7k,53.8k,45.4k,48k,52.6k,53.9k,50.3k,49.6k,42.9k,40.3k,37.5k,32.7k,28.1k,123k,116k,110k,95.3k,63k,35.2k,27k,21.2k,16.2k,14.9k,6700,7190,7710,15.1k,23.3k,37.2k,58.8k,89k,106k,142k,171k,187k,191k
Guyana,,,,,,,,,,,,,,,,,,,,,,0,0,0,0,0,0,0,0,0,0,0,0,0,0,0,0,0,0,0,0,0,0,69,59,54,37,38,47,236,414,1120,1370,859,790,835,919,983,1050,916,870,873,936,848,731,565,742,834,960,975,1140,1100
"Hong Kong, China",0,0,0,0,0,0,0,0,0,0,0,0,0,0,0,0,0,0,0,0,0,0,0,0,0,0,0,0,0,0,0,0,0,0,0,0,0,0,0,0,0,0,0,257,202,102,47,39,17,18,23,17,27,17,19,26,34,58,76,97,19,82,76,63,113,127,115,33,227,502,912,869
Honduras,,,,,,,,,,,,,,,,,,,,,,0,0,0,0,0,0,0,0,0,0,0,0,0,0,100,0,0,5,18,21,41,450,1210,1220,1260,1240,1100,1070,2090,1940,1920,1810,1750,1760,2390,1910,2060,2160,2120,2810,3420,8590,14.3k,26.3k,45.7k,74.2k,95.4k,149k,183k,222k,239k
Holy See,,,,,,,,,,,,,,,,,,,,,,,,,,,,,,,,,,,,,,,,,,,,,,,,,,,,,,,,,5,5,0,0,0,0,0,0,0,0,0,0,5,12,12,13
Croatia,,,,,,,,,,,,,,,,,,,,,,,,,,,,,,,,,,,,,,,,,,169k,152k,76.3k,246k,310k,349k,338k,354k,336k,291k,275k,231k,216k,119k,94k,101k,97.1k,76.6k,66.2k,63.4k,63.9k,50.7k,40.2k,33.5k,26.6k,25.1k,24.2k,23.9k,23.5k,18.1k,17.9k
Haiti,,,,,,,,,,,,,,,,,,,,,,,,1000,0,0,0,300,3300,3800,5000,5000,5230,5440,6100,5120,5080,4700,3340,2090,1860,2480,3860,9800,13.9k,15.1k,15.5k,13.5k,8770,27.3k,29.2k,29.9k,25.9k,25.5k,27.1k,31.4k,32.5k,35.7k,36k,33.1k,41.1k,41.2k,43.8k,43.9k,44k,52.1k,65.4k,68.5k,92.4k,106k,165k,177k
Hungary,,,,,,,,,,,,,,,3270,3270,3270,3270,3360,3490,220,210,170,150,140,50,0,120,0,763,744,728,607,430,435,381,329,3890,4360,5770,4730,3990,5010,4470,2350,3080,2670,1240,797,2470,5100,6630,4400,3340,3770,3320,3470,1900,3990,4980,7240,4820,3170,1600,2150,4570,4990,4730,4680,5220,5260,2710
Indonesia,,,,,,,,,,,,,,,,,,,,,,,,,,,,1000,1000,1000,150,2200,1230,11k,11.8k,11.3k,9680,9300,7780,7170,6160,6830,7930,8730,9840,11.4k,8800,9050,9020,12.8k,13.6k,15.2k,23.8k,33.7k,38.9k,38k,22.9k,21.6k,20.2k,17.3k,16.4k,16k,15.9k,16.2k,16.6k,16.6k,17.9k,15.5k,16.4k,18k,19.8k,20k
India,,,,,,,,,,,,,,0,0,0,0,0,0,0,0,0,0,0,0,0,0,0,0,0,0,0,0,0,0,0,0,10,13,197,406,1020,1490,3270,5010,7550,8920,9660,9850,21.2k,21.3k,25.4k,25.2k,25k,28.4k,24.5k,27.5k,26.4k,24.2k,21.6k,20.6k,20.9k,23.5k,27.1k,34.8k,35.2k,48.3k,61.4k,77.8k,82.4k,92.6k,99.1k
Ireland,,,,,,,,,,,,,,,,,,,,,,,,,,,,,,,,,,0,0,0,0,0,0,0,0,0,0,5,0,0,0,0,0,5,5,5,16,10,23,5,9,7,12,7,12,17,39,89,41,42,52,59,90,94,146,196
Iran,,,,,,,,,,,,0,0,0,0,0,0,0,0,0,0,0,0,0,0,0,0,0,0,48,803,2480,5580,5240,88.2k,87.9k,11k,58.3k,52.8k,75.9k,130k,129k,116k,121k,112k,104k,94k,90k,86.8k,109k,107k,152k,134k,125k,112k,116k,78.8k,80.2k,86.5k,84.8k,90.8k,100k,104k,117k,142k,182k,194k,217k,215k,212k,212k,207k
Iraq,,,,,,,,,,,,,,,,,,2700,2700,0,0,0,0,0,0,0,0,560,31k,31.1k,66.6k,104k,104k,102k,402k,401k,411k,508k,508k,1.13M,1.32M,1.34M,771k,750k,719k,715k,707k,675k,643k,567k,565k,452k,400k,343k,297k,1.5M,2.34M,1.93M,1.81M,1.71M,1.45M,770k,445k,474k,501k,594k,635k,629k,639k,606k,598k,586k
Iceland,,,,,,,,,,,,,,,,,,,,,,,,,,,,,,,,,,,,,,,,0,0,0,0,0,0,5,5,5,5,5,0,13,16,14,10,32,10,10,5,5,0,0,5,5,5,5,5,10,10,5,12,101
Israel,,,,,,,,,,,,,,,,,,,,,,,,,,,,,,,,,,,,,,5,5,14,28,37,114,888,937,1120,988,832,473,776,970,1580,1570,1430,1240,1820,2490,2520,2350,2080,1830,1740,1320,1250,1170,1040,1160,1180,1140,1040,1260,1480
Italy,0,0,0,0,0,0,0,0,0,0,0,0,0,0,0,0,0,0,0,0,0,0,0,0,0,0,0,0,0,0,0,0,0,0,0,0,0,0,0,0,0,0,0,145,120,109,112,76,49,79,67,259,238,215,239,119,94,87,73,97,89,119,141,173,208,181,334,450,507,533,700,894
Jamaica,,,,,,,,,,,,,,,,,,,,,,,,,,,,,,,,,,,,,,,,,0,0,5,10,11,18,21,26,33,210,318,626,670,635,777,931,1000,1230,1480,1610,1830,1900,2130,2280,2700,3130,3650,3940,4330,4430,4720,4590
Jordan,,,,,,,,,,,,,,,,,,,,,0,0,0,0,0,0,0,0,0,0,0,0,0,5,105,5,5,7,14,56,114,183,239,440,511,707,720,897,970,1470,1330,2000,1870,1860,2440,2350,2510,2630,2870,2860,2770,2990,2550,3000,3670,4350,5590,6550,7030,7470,8780,9210
Japan,,,,,,,,,,,,,,,,,,,,,,,,,,,0,0,0,0,0,0,0,0,0,0,0,0,0,0,0,0,0,7,5,0,0,0,0,16,28,36,44,89,61,198,538,209,176,159,212,210,202,318,208,136,143,156,150,161,173,197
Kazakhstan,,,,,,,,,,,,,,,,,,,,,,,,,,,,,,,,,,,,,,,,,,,0,24,137,40.2k,40.8k,20.5k,9060,3280,3680,7240,7450,6780,4930,8030,5760,5400,4340,4380,4240,4490,3260,3370,3830,4590,5920,8350,9740,8720,9120,9840
Kenya,,,,,,,,,,,,,,,,,,,,0,0,0,0,0,90,0,1200,80,80,0,0,0,0,0,0,0,0,0,0,7,31,61,83,8770,9320,9390,9560,6040,6130,3230,3260,13.3k,14k,15.1k,16.1k,6430,9260,11.9k,12.6k,10.2k,10.3k,10.5k,10.8k,11.5k,11.2k,11.1k,13.3k,14.8k,15.6k,16.4k,17.3k,17.8k
Kyrgyz Republic,,,,,,,,,,,,,,,,,,,,,,,,,,,,,,,,,,,,,,,,,,,0,13,20,17.1k,16.3k,7450,4000,1070,1080,3490,3760,3760,3490,3080,2700,2930,3040,4310,4720,4690,3590,4280,4760,4940,5340,5660,5560,5580,5820,6280
Cambodia,,,,,,,,,,,,,,0,0,0,0,0,0,0,57k,55k,35k,0,18.8k,17.2k,76.7k,165k,51.1k,193k,135k,123k,91.1k,72.5k,67.5k,54.8k,48.6k,97.8k,75.7k,54.4k,43.2k,28.8k,9750,8540,61.2k,62.2k,103k,76.6k,38.3k,37.2k,35.1k,33.9k,31.9k,18.6k,18.7k,18.6k,18.1k,17.5k,17.2k,16.4k,15.4k,14.2k,14k,13.3k,13.2k,12.8k,13.8k,12.9k,12.8k,12.8k,13k,12.5k
Kiribati,,,,,,,,,,,,,,,,,,,,,,,,,,,,,,,,,,,,,,,,,,,,,,,,,,,,,15,31,36,44,36,36,31,31,36,44,21,5,5,0,0,0,0,0,5,10
St. Kitts and Nevis,,,,,,,,,,,,,,,,,,,,,,,,,,,,,,,,,,,,,,,,,,,,,,,,,,5,0,5,5,0,31,5,8,8,11,22,21,30,33,27,45,71,69,69,74,72,79,61
South Korea,,,,,,,,,,,,,,,,,,,,,,,,,,,,0,0,0,0,0,0,0,0,0,0,0,0,0,5,5,5,17,29,40,50,63,72,428,554,848,735,576,587,1640,1570,1610,885,811,681,738,707,760,598,509,620,810,823,869,1010,1040
Kuwait,,,,,,,,,,,,,,,,,,,,,,,,,,,,,0,0,0,0,0,0,0,0,0,0,0,46,49,77,91,758,764,854,824,827,988,786,842,821,719,480,439,733,845,908,992,1070,1280,1320,1140,1230,1510,1660,2050,2470,2700,2840,3560,3940
Lao,,,,,,,,,,,,,,,,,,,,,,0,0,0,55.5k,62.7k,79k,119k,129k,105k,90k,80.6k,85k,86.7k,99.3k,91.2k,78.9k,136k,133k,136k,122k,96.2k,74.5k,54.9k,58.2k,46.9k,37.4k,29k,21.4k,16.3k,13.6k,12.1k,10.8k,16.6k,24.8k,26.7k,10.2k,8770,8590,8480,8110,7990,7780,7590,7520,7400,7280,7240,7150,7130,7250,7130
Lebanon,,,,,,,,,,,,,,0,0,0,0,0,0,0,0,0,0,0,0,0,0,0,0,0,0,12.6k,27.3k,30.1k,33.1k,630,0,439,2200,6990,8500,10.3k,10.6k,15.6k,13.5k,10.9k,10.2k,9780,7680,11.7k,10.6k,28.7k,27.1k,21.5k,20.3k,15.4k,15.6k,15.2k,18k,17.4k,16.4k,17.1k,6540,8100,10.3k,13.2k,14.6k,13.7k,13.7k,13.5k,14.9k,15.6k
Liberia,,,,,,,,,,,,,,,,,,,0,0,0,0,0,0,0,0,0,0,0,0,0,0,0,0,0,0,0,30,50,736k,673k,521k,704k,798k,745k,784k,493k,365k,295k,271k,251k,286k,360k,343k,237k,166k,95.1k,77.6k,73.8k,72k,68.7k,25.4k,19.5k,15.9k,12.4k,9160,9400,8490,8320,8270,8470,8170
Libya,,,,,,,,,,,,,,,,,,,,,,,,,,,,,,205,226,259,275,291,327,304,250,659,653,579,841,687,595,669,622,271,266,432,563,1130,1360,2370,2450,2510,2320,2210,2550,2820,2830,2860,6330,7130,5370,8070,12.1k,15.4k,18k,20.7k,22k,23k,24.8k,23.5k
St. Lucia,,,,,,,,,,,,,,,,,,,,,,,,,,,,,,,,,,,,,,,,,,,,,,,0,5,10,40,75,287,288,181,296,307,406,624,909,1020,1110,1080,968,956,1070,1190,1170,1090,917,809,548,191
Liechtenstein,,,,,,,,,,,,,,,,,,,,,,,,,,,,,,,,,,,,,,,,,,,,,,,,,,0,0,0,0,0,0,0,0,0,0,0,0,0,0,0,0,0,0,0,14,5,10,5
Sri Lanka,,,,,,,,,,,,,,,,,,,,,,,,,,,,,,,,,,,160,315,219,3390,7690,208k,209k,128k,91.8k,114k,108k,110k,122k,115k,117k,131k,129k,138k,125k,117k,112k,122k,141k,145k,153k,150k,147k,147k,139k,139k,136k,133k,135k,128k,126k,158k,163k,158k
Lesotho,,,,,,,,,,,,,,,,,,,,0,60,0,0,110,310,0,90,160,160,70,80,0,0,0,0,0,0,0,5,5,5,0,55,0,0,0,0,0,0,0,6,10,10,15,6,10,17,22,10,10,163,284,686,681,1110,703,26,44,55,44,47,56
Lithuania,,,,,,,,,,,,,,,,,,,,,,,,,,,,,,,,,,,,,,,,5,5,10,15,63,107,659,650,276,251,293,466,1720,1890,1670,1620,1090,544,546,606,628,634,577,293,239,207,152,168,155,137,136,168,158
Luxembourg,0,0,0,0,0,0,0,0,0,0,0,0,0,0,0,0,0,0,0,0,0,0,0,0,0,0,0,0,0,0,0,0,0,0,0,0,0,0,0,0,0,0,0,0,0,0,0,0,0,0,0,0,0,0,0,0,0,0,0,0,0,0,0,0,0,0,0,5,5,5,0,0
Latvia,,,,,,,,,,,,,,,,,,,,,,,,,,,,,,,,,,,,,,,,,,5,5,95,158,1960,1920,1010,903,591,788,3270,3370,2970,2550,1520,697,789,863,889,849,756,294,263,264,261,267,255,242,235,242,228
Morocco,0,0,0,0,0,0,0,0,0,0,0,0,0,0,0,0,0,0,0,0,0,0,0,0,0,0,0,0,0,0,0,0,0,0,0,0,0,5,5,14,46,92,105,179,300,302,309,351,373,577,627,1560,1550,1560,3360,5280,4500,4050,2880,3110,3440,4150,4150,4740,7340,9490,9940,12k,13k,12.7k,18k,22.2k
Monaco,,,,,,,,,,,,,,,,,,,,,,,,,,,,,,,,,,,,,,,,,,,,,,,,,,,,,,,5,5,0,0,0,0,5,5,5,11,5,5,5,5,5,0,0,0
Moldova,,,,,,,,,,,,,,,,,,,,,,,,,,,,,,,,,,,,,,,,,,,5,455,524,5830,5140,2750,2410,3520,5880,11.6k,12.1k,12.6k,12.6k,13k,5820,6430,6660,6840,6720,6580,3090,3670,5730,6670,5760,6930,8080,7720,9070,10k
Madagascar,,,,,,,,,,,,,,,,,,,,,,,,,,,,,,,,,,,,,,,,,,,,0,77,76,74,66,53,66,41,67,115,146,216,280,287,298,302,284,298,326,466,479,451,345,365,409,562,606,798,966
Maldives,,,,,,,,,,,,,,,,,,,,,,,,,,,,,,,,,,,,,,,,,,,,,,,,,,,,,,5,10,15,15,15,15,16,21,53,54,37,67,93,98,109,86,101,101,193
Mexico,,,,,,,,,,,,,,,,,,,,0,0,0,0,0,0,0,0,0,0,0,0,0,0,0,0,0,0,0,0,0,0,0,0,248,361,520,663,1010,1360,14.3k,24.1k,32.5k,28.1k,20.6k,14.9k,15.1k,20.3k,23.6k,26.8k,16.8k,12.8k,12k,21.7k,40k,57.6k,74.6k,96.8k,103k,116k,127k,134k,132k
Marshall Islands,,,,,,,,,,,,,,,,,,,,,,,,,,,,,,,,,,,,,,,,,,,,,,,,,,,,,,,,,,,,,,,10,11,11,5,7,7,7,57,7,11
North Macedonia,,,,,,,,,,,,,,,,,,,,,,,,,,,,,,,,,,,,,,,,,,0,1900,346,12.9k,13k,12.7k,1930,2090,2680,14.4k,10.2k,7150,5800,9310,9540,9170,8590,8790,10.7k,9940,12.2k,8300,9540,16.4k,8780,5690,4950,4310,3290,5820,5190
Mali,,,,,,,,,,,,,,,,,,,,,0,0,0,0,0,0,0,0,0,0,0,0,0,0,0,0,0,0,0,0,14.7k,71.2k,98.6k,173k,77.2k,55.2k,18k,3700,381,549,678,839,678,667,851,997,5110,2490,3690,4040,4680,152k,159k,151k,164k,166k,165k,169k,173k,176k,208k,222k
Malta,,,,,,,,,,,,,,,,,,,,,,,,,,,,,,,,,,,,,,,,,,,0,7,13,18,14,15,23,22,12,12,14,5,0,30,10,10,10,5,5,5,5,0,5,0,5,15,20,15,12,15
Myanmar,,,,,,,,,,,,,,,,,,,,,,5700,0,0,0,0,0,160k,0,0,0,0,0,0,0,0,0,7,0,24,40.1k,245k,282k,205k,152k,143k,136k,133k,132k,138k,147k,151k,162k,172k,206k,229k,210k,207k,429k,438k,439k,441k,525k,530k,512k,546k,1.2M,1.18M,1.11M,1.14M,1.22M,1.26M
Montenegro,,,,,,,,,,,,,,,,,,,,,,,,,,,,,,,,,,,,,,,,,,,,,,,,,,,,,,,,259,850,1460,2750,3420,4000,4420,1120,1870,3660,1850,1470,1350,1270,1160,1430,1480
Mongolia,,,,,,,,,,,,,,,,,,,,,,,,,,,,,,,,,,,,,,,,,,,,,,5,10,17,25,622,907,1310,1020,1000,1300,2720,3060,3400,3780,3510,3430,3050,3310,4370,5730,6110,6400,6640,6420,6400,7180,7070
Mozambique,,,,,,,,,,,,,,10k,17k,20.8k,27.8k,33.8k,43.1k,60.1k,60.4k,64.4k,69.8k,81k,34.8k,580,120,130,370,120,5170,20.2k,50.2k,51.2k,72.3k,194k,635k,921k,1.12M,1.25M,1.32M,1.45M,1.17M,234k,126k,34.7k,33.7k,56,26,24,57,179,274,404,459,222,891,876,135,131,493,1020,1480,1460,2250,5750,12.6k,9030,8810,8760,8810,8860
Mauritania,,,,,,,,,,,,,,,,,,,,,,,,,,,,,,,,,,,,,0,0,48.2k,66k,79.9k,79.6k,67.9k,68k,84.3k,83.2k,70.3k,70.2k,29.9k,31.5k,32.4k,33.1k,33.4k,33.7k,33.9k,35.2k,34.1k,46.4k,40k,38.5k,40.5k,36.8k,38.1k,41.1k,42.1k,43.6k,44.1k,45.2k,46k,47.2k,48k,45.1k
Mauritius,,,,,,,,,,,,,,,,,,,,,,,,,,,,,,,,,,,,,,,,,,,,,12,10,0,12,5,44,51,57,73,26,39,96,82,41,37,65,143,171,192,242,303,309,359,450,482,514,549,580
Malawi,,,,,,,,,,,,,,,,150,300,140,190,250,250,250,100,80,30.4k,60,1050,310,460,420,70,240,440,440,450,440,450,5,5,55,50,50,43,60,37,40,37,27,34,39,38,195,1510,3030,3940,155,8280,8310,168,228,3180,4820,4590,4250,6100,4180,3590,3270,3080,2680,2530,2510
Malaysia,,,,,,,,,,,,,,,,,,,,,,,,,,,0,0,0,0,0,0,0,0,0,0,0,0,0,0,5,5,5,83,82,105,88,87,83,319,389,597,560,462,572,710,723,735,678,666,667,693,744,1410,3260,6620,10k,15.9k,22.2k,22.5k,22k,22k
Namibia,,,,,,,,,,,,,,,,180,230,1330,840,900,900,1000,3410,3420,3970,9020,12.9k,35.8k,40.6k,55.6k,74.5k,75.2k,75.1k,77.5k,76.9k,77k,75.7k,76.6k,3700,532,204,17,133,65,12,13,0,1900,702,2320,2450,1480,1470,1490,1260,1210,1140,999,961,1360,2160,1670,1410,1300,1330,1490,1580,1660,1220,1300,1360,1460
Niger,,,,,,,,,,,,,,,,,,,,,,,,,,,0,0,0,0,0,0,0,0,0,0,0,0,0,0,0,22k,22.3k,22k,10.3k,10.4k,2780,418,508,733,893,1380,1170,1030,1220,1270,1080,1050,1100,1110,1100,1180,1090,1260,2150,2070,3760,4770,5480,23k,24.6k,21k
Nigeria,,,,,,,,,,,,,,,,,,51.1k,2850,0,0,0,0,0,0,0,0,0,0,0,0,0,0,0,0,0,5,15,15,15,22,75,95,587,1940,4750,3040,4000,4440,9190,10.2k,32.2k,39.1k,37.1k,36.1k,21.6k,23.6k,24.6k,25.2k,27.6k,27.7k,32.2k,52.5k,121k,219k,296k,331k,361k,408k,426k,467k,489k
Nicaragua,,,,,,,,,,,,,,,,,,,,,,0,0,0,0,0,0,145k,16.6k,960,2500,19k,23.5k,35k,52.6k,67.5k,68.5k,86.6k,97.7k,52.6k,46.8k,44.3k,33.1k,28.6k,23.9k,22.8k,22.5k,21.4k,20.6k,18.2k,17.6k,14k,10.8k,8070,5890,4130,2720,2000,1900,1580,1600,1650,2040,2300,2710,3530,4190,33.9k,71.2k,70.8k,175k,237k
Netherlands,0,0,0,0,0,0,0,0,0,0,0,0,0,0,0,0,0,0,0,0,0,0,0,0,0,0,0,0,0,0,0,0,0,0,0,0,0,0,0,0,0,0,0,75,86,97,77,57,29,146,92,119,128,160,195,79,66,71,69,73,103,97,84,103,119,74,103,132,157,134,151,159
Norway,0,0,0,0,0,0,0,0,0,0,0,0,0,0,0,0,0,0,0,0,0,0,0,0,0,0,0,0,0,0,0,0,0,0,0,0,0,0,0,0,0,0,0,0,0,0,0,0,0,0,0,5,5,10,12,0,5,0,5,0,10,10,20,15,15,25,40,16,16,20,28,26
Nepal,,,,,,,,,,,,,,0,0,0,0,0,0,0,0,0,0,0,0,0,0,0,0,0,0,0,0,0,0,0,0,0,0,0,0,0,0,5,27,44,49,95,178,671,850,1510,1960,2720,4480,5080,5500,6280,6900,7040,8850,10.1k,11.9k,15.2k,18k,19.9k,21.6k,17.7k,18k,17.8k,18.4k,19k
Nauru,,,,,,,,,,,,,,,,,,,,,,,,,,,,,,,,,,,,,,,,,,,,,,,,,5,5,0,0,5,0,0,0,0,0,0,0,5,0,0,0,0,0,0,0,15,21,21,21
New Zealand,,,,,,,,,,,,,,,,,0,0,0,0,0,0,0,0,0,0,0,0,0,0,0,0,0,0,0,0,0,0,0,0,0,0,0,0,0,0,0,0,0,0,5,5,5,5,10,12,17,13,9,11,19,25,21,27,23,43,61,48,61,67,102,78
Oman,,,,,,,,,,,,,,,,,,,,,,,,,,,,,,,,,,,,,,,,,,,,5,9,8,8,8,8,11,10,24,5,16,10,37,49,55,68,68,58,62,20,34,52,59,61,70,101,117,124,133
Pakistan,,,,,,,,,,,,,,,,,,,,,,,,,,,,,0,0,0,0,0,0,0,0,0,274,409,485,523,1090,1420,4430,5280,7500,5980,6860,8010,17.3k,20.3k,34.5k,41.2k,41.7k,46.3k,32.4k,40.4k,38.6k,39.9k,60k,49.6k,73.5k,96.2k,380k,362k,173k,206k,208k,203k,195k,190k,181k
Panama,,,,,,,,,,,,,,,,,,,,,,0,0,0,0,0,0,0,0,0,0,0,0,0,0,0,0,47,365,629,640,652,677,486,158,146,123,86,73,120,108,152,118,108,100,90,134,142,143,145,129,138,126,111,121,114,162,185,285,385,630,866
Peru,,,,,,,,,,,,,,,,,,,,0,0,0,0,0,0,0,0,0,0,0,0,0,0,0,0,0,0,5,26,255,473,727,1970,4330,5900,6700,6610,7070,7210,9380,9250,10k,8350,6870,6500,8900,10.8k,9830,12.1k,10.6k,5990,5540,5460,5360,5120,4890,6090,7470,11.4k,13.4k,12.6k,18.3k
Philippines,,,,,,,,,,,,,,,,,,,,,,,,,0,0,90k,92k,90k,90k,90k,90k,100k,100k,90k,90k,90k,90k,90k,11,15,45,111,435,515,599,526,45.6k,45.5k,47.3k,47.3k,47.6k,2240,1410,1330,1680,2300,2250,1780,1610,1300,1360,1590,1780,2470,3550,8530,4330,5290,5460,6050,6090
Palau,,,,,,,,,,,,,,,,,,,,,,,,,,,,,,,,,,,,,,,,,,,,,,,,,,,,,,,,,,,0,0,0,0,5,0,0,0,5,,,,,
Papua New Guinea,,,,,,,,,,,,,,,,,,,,,,,,,,,,0,0,0,0,0,0,0,0,0,0,0,0,0,0,0,0,0,2000,2010,806,216,6,6,6,17,18,12,37,33,51,54,79,130,172,255,365,498,533,662,778,869,1020,1160,1140,1150
Poland,,,,,,,,,,,,,,,,,,,,150,150,140,100,70,60,50,0,50,0,471,505,775,761,994,1660,1100,1480,23.3k,23.1k,25.6k,21.6k,14.5k,13.4k,35.9k,19.7k,12.9k,7290,1880,1240,1410,4070,17.5k,16.1k,11.3k,20.2k,13.9k,3100,2610,2300,1910,2160,1960,1700,1570,1700,1720,1910,2000,1980,1960,1940,1980
North Korea,,,,,,,,,,,,,,,,,,,,,,,,,,,,,,,,,,,,,,,,,,,,,,10,0,5,10,65,66,326,347,408,354,489,834,1090,1000,1180,1600,2150,2100,1510,1320,1950,1760,943,870,777,636,399
Portugal,,,,,,,,,,,,,,,,,,,,,,,,,0,0,0,0,0,0,0,0,0,0,0,0,0,0,0,0,0,0,0,25,23,218,213,21,16,97,160,611,446,255,196,70,70,68,76,89,96,81,67,64,92,101,187,265,363,387,465,561
Paraguay,,,,,,,,,,,,,,,,,,,0,0,0,0,0,0,0,0,0,0,0,0,0,0,0,0,0,0,0,0,0,19,8,10,15,64,51,45,19,16,20,36,28,70,84,76,73,139,143,129,107,110,113,124,119,121,155,185,252,351,716,987,1230,1240
Palestine,,,,,,,,,,,,,,,,,,,,,,,,,,1.05M,1.07M,1.11M,1.14M,1.17M,1.19M,1.23M,1.26M,1.29M,1.36M,1.42M,1.41M,1.45M,1.5M,1.54M,1.66M,1.77M,1.88M,2M,2.09M,2.18M,2.24M,2.3M,2.39M,2.49M,2.79M,2.92M,2.9M,2.95M,3.01M,3.04M,3.11M,3.18M,2.98M,2.95M,3M,3.07M,3.13M,3.2M,3.24M,3.29M,3.34M,3.39M,3.42M,3.47M,3.51M,3.53M
Qatar,,,,,,,,,,,,,,,,,,,,,,,,,,,,,,0,0,0,0,0,0,0,0,0,0,0,0,0,0,49,30,17,18,21,6,31,29,40,28,10,11,53,57,69,71,116,100,128,15,28,33,48,70,63,72,71,82,94
Romania,,,,,,,,,,,,,,,,,,,,100,60,90,90,70,70,0,0,60,0,772,854,1160,1210,962,2200,1020,1890,20.2k,46k,51.3k,27.2k,25.1k,23.6k,22.3k,17k,11.9k,8960,10.9k,8560,9810,8860,11.1k,10.5k,7380,12.6k,8550,5860,5130,4760,4230,3890,3410,3480,2930,3110,3720,4470,5410,5260,5060,5870,7520
Russia,,,,,,,,,,,,,,120,0,18k,0,0,0,170,160,150,110,80,70,60,50,50,0,10.8k,11.6k,11.6k,11.6k,11.6k,11.6k,10.2k,8680,33.6k,68.5k,118k,156k,214k,243k,251k,207k,174k,198k,173k,28.3k,50.9k,59.8k,111k,117k,121k,117k,178k,111k,119k,123k,122k,122k,126k,100k,94.7k,94.5k,98.1k,100k,105k,111k,97.1k,112k,125k
Rwanda,,,,,,,,,,,147k,147k,154k,166k,156k,160k,160k,160k,145k,142k,142k,154k,164k,178k,176k,176k,170k,175k,177k,287k,277k,328k,322k,357k,377k,372k,353k,328k,320k,361k,431k,435k,450k,2.26M,1.82M,469k,68k,77.7k,88.9k,144k,110k,86.3k,85.4k,69.1k,116k,102k,89.2k,78.6k,134k,126k,116k,108k,92.4k,89.4k,297k,298k,272k,261k,262k,262k,272k,271k
Saudi Arabia,,,,,,,,,,,,,,,,,,,,,,,,0,0,0,0,0,0,0,0,0,0,0,0,0,0,0,0,0,0,0,5,180,261,244,358,362,233,118,176,209,331,295,211,651,767,733,672,734,836,952,767,996,1250,1920,2470,2930,3130,3250,3710,3550
Sudan,,,,,,,,,,,,,13k,20.3k,81.6k,115k,121k,176k,170k,173k,171k,128k,13.1k,11.8k,11k,10.6k,10.8k,10.8k,10.8k,10.8k,5350,5350,31k,180k,181k,133k,253k,347k,439k,524k,196k,268k,394k,405k,445k,475k,365k,390k,485k,513k,510k,523k,613k,743k,707k,703k,542k,437k,385k,411k,531k,590k,677k,702k,670k,701k,747k,792k,807k,858k,900k,927k
Senegal,,,,,,,,,,,,,0,0,0,0,0,0,0,0,0,0,0,0,0,0,0,0,0,0,0,0,0,0,0,0,0,5,15k,60k,25.1k,15.5k,22.6k,25.6k,17.6k,17.6k,17.2k,9710,11.6k,12k,9790,12.8k,9180,9870,10.5k,16.4k,16.8k,16.8k,16.9k,17.8k,18.6k,21.4k,24.5k,31.8k,35.6k,39.4k,51.8k,35.6k,32.5k,29.8k,32.6k,32.6k
Singapore,,,,,,,,,,,,,,,,,,,,,,,,,,,,0,0,0,0,0,0,0,0,0,0,8,5,0,0,0,0,8,8,18,20,21,24,38,34,60,55,51,57,119,131,119,89,84,83,89,91,86,95,85,103,116,127,111,134,128
Solomon Islands,,,,,,,,,,,,,,,,,,,,,,,,,,,,,,,,,,,,,,,,,,,,,34,34,34,34,34,57,56,60,76,71,37,63,69,51,65,75,77,65,70,90,108,150,163,178,261,304,352,490
Sierra Leone,,,,,,,,,,,,,,,,,,,0,0,0,0,0,0,0,0,0,0,0,0,0,0,0,0,0,0,0,8,8,8,143k,254k,311k,275k,379k,375k,329k,406k,490k,410k,188k,149k,77.5k,49.9k,46.4k,48.5k,36.8k,35.1k,18.3k,12.7k,9190,8500,7700,8140,8390,9350,10.7k,12.3k,12.6k,14.1k,12.3k,12.8k
El Salvador,,,,,,,,,,,,,,,,,,,,,,0,0,0,0,0,0,0,0,91.6k,305k,242k,245k,243k,181k,172k,168k,166k,39.6k,30k,33k,30.9k,26.1k,30.7k,23.5k,19.6k,17.1k,12.6k,12.4k,184k,172k,158k,134k,96.3k,49.5k,35.2k,24.6k,16.3k,14.8k,6520,8360,9820,20.9k,29k,46.2k,81.8k,131k,152k,178k,195k,205k,207k
San Marino,,,,,,,,,,,,,,,,,,,,,,,,,,,,,,,,,,,,,,,,,,,,,,,,5,5,5,0,5,0,0,5,,,,,,,,,,,,,,,,,
Somalia,,,,,,,,,,,,,,,,,,,,,,,,,110,50,60,90,90,134,34,118,39,639,1830,3140,60.2k,352k,360k,470k,733k,812k,575k,631k,639k,637k,608k,558k,525k,488k,456k,446k,417k,410k,426k,486k,474k,582k,699k,793k,1.11M,1.17M,1.16M,1.16M,1.18M,1.07M,1.04M,1.01M,955k,866k,836k,856k
Serbia,,,,,,,,,,,,,,,0,0,0,0,130,150,140,130,130,120,120,0,0,4200,0,270,214,177,157,91,91,72,42,99,96,1750,45.8k,90.1k,58.3k,55k,86.1k,104k,107k,115k,173k,196k,195k,346k,311k,247k,208k,193k,180k,201k,208k,199k,177k,176k,71.3k,91.3k,91.9k,58.6k,46.1k,42.1k,38.7k,37.1k,38.4k,36.5k
South Sudan,,,,,,,,,,,,,,,,,,,,,,,,,,,,,,,,,,,,,,,,,,,,,,,,,,,,,,,,,,,,,5,106k,145k,620k,783k,1.44M,2.45M,2.3M,2.24M,2.19M,2.37M,2.37M
Sao Tome and Principe,,,,,,,,,,,,,,,,,,,,,,,,,,,,,,,,,,,50,0,0,0,0,0,0,0,0,28,32,47,42,39,29,29,35,41,41,36,23,30,32,32,32,32,32,31,31,29,34,39,54,56,57,51,31,25
Suriname,,,,,,,,,,,,,,,,,,,,,,,,,,,,,,,,,,,,,,,6600,6620,5920,2550,894,915,817,754,663,491,413,382,293,145,100,75,47,85,71,61,56,34,27,32,34,63,68,41,61,79,89,163,140,159
Slovak Republic,,,,,,,,,,,,,,,,,,,,,,,,,,,,,,,,,,,,,,,,,,,0,12,24,57,69,143,178,1010,863,1300,1070,830,988,1020,443,462,684,581,809,855,720,643,866,1370,1610,1610,1570,1580,1600,774
Slovenia,,,,,,,,,,,,,,,,,,,,,,,,,,,,,,,,,,,,,,,,,,0,28.4k,14.8k,12.9k,3370,3410,3300,3290,3300,784,881,633,591,173,1770,56,61,51,50,37,44,38,30,31,32,31,29,34,22,27,32
Sweden,0,0,0,0,0,0,0,0,0,0,0,0,0,0,0,0,0,0,0,0,0,0,0,0,0,0,0,0,0,0,0,0,0,0,0,0,0,0,0,0,0,0,0,11,25,37,39,39,30,22,13,42,59,37,85,33,22,30,27,51,41,62,28,28,33,30,32,45,48,43,52,81
Eswatini,,,,,,,,,,,,,,,,,,,,0,0,0,0,0,0,0,0,0,0,0,0,0,0,0,0,0,0,0,0,0,0,0,0,11,15,16,17,29,27,16,20,25,10,16,17,21,85,123,81,82,170,225,249,291,372,361,271,285,321,279,245,225
Seychelles,,,,,,,,,,,,,,,,,,,,,,,,,,,,,,,,,,,,,,49,49,58,67,52,27,553,339,138,32,38,30,37,40,71,50,57,47,66,62,65,54,47,39,30,24,35,39,15,15,15,21,15,14,9
Syria,,,,,,,,,,,,,,,,,,1200,1200,0,0,0,0,0,0,0,0,0,500,500,505,505,526,529,2600,534,20,881,397,2150,3040,4410,5410,7090,8000,8610,8650,8130,6690,9600,8710,23.2k,24.4k,25.2k,23.4k,19.8k,20.5k,21.2k,23.5k,28.2k,34.4k,755k,2.51M,3.97M,5.12M,5.71M,6.46M,6.79M,6.73M,6.81M,6.99M,6.96M
Chad,,,,,,,,,,,,,,,,,,,,1900,1400,1500,1500,0,0,0,0,0,10k,221k,234k,17k,16.7k,181k,212k,170k,147k,131k,126k,185k,72.3k,66.4k,213k,212k,59.7k,58.4k,55k,61.3k,58.8k,57.4k,49.3k,49.8k,54.6k,55.2k,51.5k,39.7k,58.4k,58.4k,57.3k,56.4k,45.7k,43.4k,52.5k,51.5k,18.2k,17.4k,19.4k,15.3k,16.5k,16.6k,19.3k,20.2k
Togo,,,,,,,,,,,0,0,0,0,0,0,0,0,0,0,0,0,0,0,0,0,0,0,0,0,0,0,0,0,5,5,5,5,5,5,17,105,291k,168k,93.2k,25.6k,7180,3500,3700,5300,6320,13.2k,16.3k,16.3k,58.6k,33.9k,23.8k,17.9k,19.3k,19.3k,20.8k,18.7k,11.8k,11k,10.9k,10.9k,11.9k,11.6k,11.4k,11k,11k,10.3k
Thailand,,,,,,,,,,,,,,,,,,,,,,,,,0,0,0,0,0,0,0,0,0,0,0,0,0,0,0,18,29,33,33,135,209,282,268,290,315,352,246,592,450,410,638,3520,2690,2220,890,568,540,550,393,633,1040,1100,1500,2980,3700,3930,3410,3180
Tajikistan,,,,,,,,,,,,,,,,,,,,,,,,,,,,,,,,,,,,,,,,,,60k,70.1k,57.1k,59k,108k,75.9k,56.4k,45.2k,60.6k,56.5k,63.5k,59.1k,56.9k,54.9k,765,980,681,816,897,975,1110,1260,1560,2240,4130,4990,4890,4650,4680,4440,5450
Turkmenistan,,,,,,,,,,,,,,,,,,,,,,,,,,,,,,,,,,,,,,,,,,,0,7,45,2940,3180,1560,1050,314,341,921,995,995,988,835,801,845,811,770,781,833,819,1210,1650,1440,1480,1720,1050,1080,1290,2560
Timor-Leste,,,,,,,,,,,,,,,,,,,,,,,,,,,,,,,,,,,,,,,,,,,,,,,,,162k,122k,73.1k,28.6k,132,221,251,259,6,7,7,8,8,14,18,20,24,19,18,22,58,335,379,399
Tonga,,,,,,,,,,,,,,,,,,,,,,,,,,,,,,,,,,,,,,,,,,,,,,5,5,0,0,27,47,72,49,18,6,19,14,26,26,15,28,50,77,101,84,102,140,202,451,762,844,1010
Trinidad and Tobago,,,,,,,,,,,,,,,,,,,,,,,,,,,,,,,,,,,,,,,,,,,,12,12,17,20,25,24,141,195,356,327,210,270,309,385,469,510,398,399,425,463,544,564,536,613,628,715,709,793,876
Tunisia,0,0,0,0,0,0,0,0,0,0,0,0,0,0,0,0,0,0,0,0,0,0,0,0,0,0,0,0,0,0,0,0,5,6,6,6,6,7,7,40,61,88,106,208,327,410,703,931,1240,1570,1760,2980,2930,2850,3480,3190,2820,2690,2730,2700,3530,4200,3140,3260,3880,3750,4160,4730,4740,4470,6210,9200
Turkey,0,0,0,0,0,0,0,0,0,0,0,0,0,0,0,0,0,0,0,0,0,250,0,0,0,0,70,60,60,0,0,300,540,1040,810,850,1090,150,2760,5510,6450,10.1k,16.8k,28.9k,44.9k,50.4k,47.3k,45k,44k,57.4k,60.4k,206k,194k,180k,182k,239k,231k,223k,156k,154k,147k,144k,77.1k,75.1k,71.6k,81.2k,95.2k,112k,130k,138k,151k,154k
Tuvalu,,,,,,,,,,,,,,,,,,,,,,,,,,,,,,,,,,,,,,,,,,,,,5,5,5,5,5,5,5,5,5,5,0,5,0,0,0,0,0,5,,,,,,,,,,
Tanzania,,,,,,,,,,,0,0,0,0,0,0,0,0,0,0,0,0,0,320,0,90,300,300,600,300,3000,500,500,500,0,0,2000,5,10,10,13,19,32,62,69,66,59,100,117,1110,1180,3060,4270,5320,6780,1870,4160,4160,1400,1330,1710,1920,2050,1900,2390,1790,2110,2380,2660,2590,2590,2600
Uganda,,,,,,,,,,,0,0,0,0,0,0,0,0,0,0,0,0,950,2630,2510,3250,8000,8820,88.7k,224k,177k,271k,315k,294k,306k,239k,111k,22k,21.4k,58.8k,39.4k,32.5k,33.4k,31.4k,24.2k,28.3k,55.2k,13.3k,13.9k,33.5k,41.1k,42.4k,38.1k,35.2k,38.5k,23.1k,24.5k,10.7k,8440,7350,7630,8660,11.9k,11.9k,12.7k,11.6k,16.6k,18k,18.7k,19.2k,19.7k,20k
Ukraine,,,,,,,,,,,,,,,,,,,,,,,,,,,,,,,,,,,,,,,,,,39,133,917,1700,6110,6350,4600,12.2k,22.3k,32.6k,90.1k,97k,92.2k,86.9k,67.2k,28.4k,30.3k,26k,26.4k,26.4k,26.5k,6790,253k,344k,274k,177k,125k,87.8k,56.6k,47k,5.48M
Uruguay,,,,,,,,,,,,,,,,,,,,0,0,0,0,3000,570,1160,0,0,0,24,24,525,25,165,537,47,39,33,203,843,601,431,164,363,263,202,87,72,36,210,356,570,600,205,170,212,224,246,243,234,224,201,166,161,146,126,186,210,326,450,693,668
USA,0,0,0,0,0,0,0,0,0,0,0,0,0,0,0,0,0,0,0,0,0,0,0,0,0,0,0,0,0,0,0,0,0,0,0,0,0,0,0,0,8,8,10,364,243,141,75,50,38,259,330,616,739,717,931,1740,3260,3870,3810,3890,4370,4870,5040,5140,5070,588,2510,3170,3240,2840,2090,2630
Uzbekistan,,,,,,,,,,,,,,,,,,,,,,,,,,,,,,,,,,,,,,,,,,,0,29.1k,142,69.7k,69.1k,51.7k,45.5k,4000,4120,8410,8920,8620,9790,11.2k,7490,8140,8240,10.5k,14.2k,13k,6730,6770,6860,6910,6950,7880,8220,8280,7960,9780
St. Vincent and the Grenadines,,,,,,,,,,,,,,,,,,,,,,,,,,,,,,,,,,,,,,,,,,,,7,7,13,13,24,36,126,241,591,524,394,632,704,1150,1490,1920,1990,2030,1800,1760,1780,1870,1470,1450,1310,1060,780,552,235
Venezuela,,,,,,,,,,,,,,,,,,,0,0,0,0,0,0,0,0,0,0,0,0,0,0,0,0,0,0,0,0,0,0,0,5,135,370,478,558,606,568,554,641,798,1300,2610,3930,5400,6190,6840,7320,7790,7320,8150,8700,9550,12.8k,22.5k,52.6k,157k,3.08M,4.47M,4.88M,5.58M,6.59M
Vietnam,,,,,,,,,,,,,,10k,15k,17k,20k,22k,22k,20k,0,0,0,0,2110,4000,14.4k,124k,397k,347k,313k,325k,328k,328k,327k,327k,326k,440k,457k,496k,498k,517k,528k,539k,544k,518k,477k,435k,405k,372k,357k,376k,364k,351k,360k,376k,330k,330k,340k,340k,339k,338k,316k,317k,318k,334k,341k,340k,325k,326k,328k,26.1k
Vanuatu,,,,,,,,,,,,,,,,,,,,,,,,,,,,,,,,,,,,,,,,,,,,,,,,,,,,,,,,,,0,0,0,0,0,0,0,0,0,14,52,75,158,172,440
Samoa,,,,,,,,,,,,,,,,,,,,,,,,,,,,,,,,,,,,,,,,,,,,,,,,,,,6,5,0,0,0,0,0,5,0,0,0,11,7,7,9,10,11,42,84,133,165,231
Yemen,,,,,,,,,,,,,,,,,,,,,,,,,,,0,15k,15k,15k,0,0,0,0,0,100k,70k,77k,77k,5,74,31,37,151,366,1150,1720,1930,2020,2950,2720,2230,2060,1940,1730,1720,1930,2230,2530,2680,3470,4160,4280,5340,26k,34.3k,48.2k,67k,70.8k,67.3k,73.1k,77.7k
South Africa,,,,,,,,,,,,,,,,390,450,740,290,460,850,790,940,1380,1360,2180,2400,3840,7280,24.3k,24.9k,28.4k,34.5k,38.6k,38.1k,33.2k,26.1k,24.9k,17.1k,14.8k,11.2k,9240,9090,1510,492,286,241,184,190,266,309,453,558,803,412,650,582,587,542,584,622,634,776,953,1290,1530,2070,2880,3280,3700,4200,4200
Zambia,,,,,,,,,,,,,,,0,0,0,15k,13k,9000,750,750,750,4000,750,750,0,0,1000,1210,1200,1200,1200,0,0,0,0,0,0,0,0,1990,1570,15,22,39,62,75,86,208,158,256,355,492,624,264,684,681,247,263,416,484,524,602,761,550,424,520,718,727,744,811
Zimbabwe,,,,,,,,,,,,,,,,,,,,,,,,,14.7k,31.2k,76.5k,163k,198k,160,190,0,3200,3760,4250,3230,3830,629,5,5,128,8,14,38,37,36,37,40,40,313,2950,5180,10.6k,19k,28.6k,14k,48.7k,51.6k,23.8k,25.1k,61.7k,63.8k,61.5k,64.9k,78.7k,61.3k,39.2k,32.7k,26.2k,23.2k,21.6k,21.5k
