country,1960,1961,1962,1963,1964,1965,1966,1967,1968,1969,1970,1971,1972,1973,1974,1975,1976,1977,1978,1979,1980,1981,1982,1983,1984,1985,1986,1987,1988,1989,1990,1991,1992,1993,1994,1995,1996,1997,1998,1999,2000,2001,2002,2003,2004,2005,2006,2007,2008,2009,2010,2011,2012,2013,2014,2015,2016,2017,2018,2019,2020,2021,2022
Aruba,0,,,,,0,,,,,0,,,,,0,0,0,0,0,0,0,0,0,0,0,0,0,0,0,0,0,0.0285,,,2.23,3.78,4.16,6.38,13.8,16.8,58.4,67.3,75.5,105,109,114,117,123,129,131,,132,135,135,135,,,,132,132,132,
Afghanistan,0,,,,,0,,,,,0,,,,,0,0,0,0,0,0,0,0,0,0,0,0,0,0,0,0,0,0,0,0,0,0,0,0,0,0,0,0.119,0.883,2.55,4.92,9.91,18,29.9,38.3,36.2,47.2,50.4,53.3,56.3,58.4,62.4,67.1,59.9,59.8,58.2,56.6,
Angola,0,,,,,0,,,,,0,,,,,0,0,0,0,0,0,0,0,0,0,0,0,0,0,0,0,0,0,0.00844,0.0135,0.0143,0.0229,0.0474,0.0639,0.151,0.157,0.443,0.799,1.93,3.94,8.28,15.2,23.7,31.2,36,40.2,49.8,50.8,50.8,51.8,49.4,44.6,44.1,42.5,45.8,43.8,44.4,67.4
Albania,0,,,,,0,,,,,0,,,,,0,0,0,0,0,0,0,0,0,0,0,0,0,0,0,0,0,0,0,0,0,0.0703,0.101,0.173,0.343,0.936,12.5,27.2,35.6,41.1,50.5,63.6,78,63,84.1,92.4,107,121,128,116,118,117,126,94.4,91.5,91.4,92.3,97.9
Andorra,0,,,,,0,,,,,0,,,,,0,0,0,0,0,0,0,0,0,0,0,0,0,0,0,0,0,1.34,1.32,1.28,4.49,8.56,13.3,21.7,31.4,35.6,43.4,46.3,70.2,75.9,80.9,86,81.2,84.4,87.4,91.6,92.2,89.9,89.6,92.5,99.4,105,109,110,115,103,119,142
UAE,,,,,,,,,,,,,,,,,,,,,,,0.2,0.288,0.377,0.574,0.762,0.87,0.821,1.39,1.77,2.14,2.31,3.17,3.93,5.3,7.53,11.3,16.9,26.9,43.6,55.3,66.8,77.9,92.2,106,113,132,134,134,129,137,159,184,190,201,221,219,220,213,198,195,212
Argentina,0,,,,,0,,,,,0,,,,,0,0,0,0,0,0,0,0,0,0,0,0,0,0,0.00715,0.0368,0.0755,0.139,0.329,0.699,1.16,1.88,5.61,7.37,10.5,17.5,18,17.3,20.5,34.9,56.7,79.8,101,115,129,139,146,153,159,143,143,146,141,132,126,122,130,132
Armenia,0,,,,,0,,,,,0,,,,,0,0,0,0,0,0,0,0,0,0,0,0,0,0,0,0,0,0,0,0,0,0.00909,0.153,0.242,0.255,0.552,0.814,2.3,3.71,6.63,10.4,41.6,62.5,48.3,73.9,131,110,114,115,120,120,120,122,126,128,124,129,135
American Samoa,0,,,,,0,,,,,0,,,,,0,0,0,0,0,0,0,0,0,0,0,0,,,,0,0,1.4,1.76,2.29,2.34,2.39,2.52,2.65,3.13,3.42,3.7,3.5,3.62,3.9,,,,,,,,,,,,,,,,,,
Antigua and Barbuda,0,,,,,0,,,,,0,,,,,0,0,0,0,0,0,0,0,0,0,0,0,0,0,,0,,,,,,1.86,1.97,2.07,11.5,29.3,32.8,49.5,59,68.4,108,136,137,164,160,196,203,145,129,135,196,199,202,,200,199,197,
Australia,0,,,,,0,,,,,0,,,,,0,0,0,0,0,0,0,0,0,0,0,0,0.0272,0.191,0.563,1.08,1.69,2.85,3.91,6.85,12.5,21.9,24.9,26.4,33.6,45,57.8,65.1,72.8,82.7,91.3,96.5,102,104,102,102,106,107,108,107,108,110,108,111,110,105,105,107
Austria,0,,,,,0,,,,,0,,,,,0,0,0,0,0,0,0,0,0,0,0.129,0.252,0.346,0.487,0.666,0.96,1.49,2.2,2.79,3.51,4.83,7.52,14.6,28.7,53.2,76.4,81.4,83.4,89.6,97.8,105,112,119,130,137,146,155,161,157,152,156,127,123,124,121,120,122,123
Azerbaijan,0,,,,,0,,,,,0,,,,,0,0,0,0,0,0,0,0,0,0,0,0,0,0,0,0,0,0,0,0.00639,0.0761,0.214,0.5,0.808,4.57,5.13,8.81,9.49,12.5,17,25.9,37.9,50.9,72.8,85.1,98.5,108,107,105,108,108,102,101,102,105,101,105,107
Burundi,0,,,,,0,,,,,0,,,,,0,0,0,0,0,0,0,0,0,0,0,0,0,0,0,0,0,0,0.00635,0.00677,0.00951,0.00946,0.0104,0.0103,0.0129,0.259,0.517,0.782,0.933,1.41,2.07,2.61,3.4,5.81,10.6,18.4,20.2,22.9,25,30.4,46.6,49.1,53.1,55,55,54.3,61.7,58
Belgium,0,,,,,0,,,,,0,,,,,0,0,0,0,0,0,0,0,0,0,0,0.0384,0.073,0.193,0.31,0.431,0.515,0.614,0.675,1.27,2.33,4.72,9.6,17.2,31.2,54.8,74.7,78.2,82.7,87.3,91.3,93,101,106,109,112,114,112,111,114,114,111,99.8,100,100,99.7,101,102
Benin,0,,,,,0,,,,,0,,,,,0,0,0,0,0,0,0,0,0,0,0,0,0,0,0,0,0,0,0,0,0.0174,0.0436,0.0673,0.0955,0.107,0.793,1.73,2.94,3.08,5.82,7.32,12.6,23.7,40.7,54.9,74.9,79.8,84,93.4,81.6,85.2,79,75.7,79.2,84.2,88.1,98,109
Burkina Faso,0,,,,,0,,,,,0,,,,,0,0,0,0,0,0,0,0,0,0,0,0,0,0,0,0,0,0,0,0,0,0.00494,0.0138,0.0244,0.0437,0.212,0.622,0.879,1.83,2.94,4.57,7.1,12.6,19.9,24.4,35.4,46.3,58.3,63.7,68.8,77.2,79.9,90.5,94.8,97.2,103,112,
Bangladesh,0,,,,,0,,,,,0,,,,,0,0,0,0,0,0,0,0,0,0,0,0,0,0,0,0,0,0.00022,0.00044,0.00095,0.00212,0.00334,0.0213,0.0603,0.118,0.216,0.395,0.801,1,2,6.39,13.4,23.8,30.7,35,45.8,56.2,63.9,75.7,81.3,83.2,85.1,93.3,98.8,100,105,109,105
Bulgaria,0,,,,,0,,,,,0,,,,,0,0,0,0,0,0,0,0,0,0,0,0,0,0,0,0,0,0,0.0116,0.076,0.247,0.316,0.841,1.54,4.29,9.11,19.3,32.6,44.2,60.1,79.9,106,128,136,137,134,139,144,141,129,126,124,119,118,115,114,115,117
Bahrain,0,,,,,0,,,,,0,,,,,0,0,0,0,0,0,0,0,0,0,0,0.137,0.367,0.597,0.85,0.995,1.37,1.75,1.98,2.97,4.5,6.33,8.97,13.7,19.3,28.9,41,52,56.9,78,85.1,93.5,107,130,119,129,140,173,175,178,185,212,162,141,128,120,131,145
Bahamas,0,,,,,0,,,,,0,,,,,0,0,0,0,0,0,0,0,0,0,0,0,0,0,0,0.71,0.732,0.922,0.833,,1.37,1.62,2,2.56,4.97,9.7,18.4,36.5,36.1,54.2,65.5,71.7,105,98.7,97.5,115,79.1,78.5,74.4,80.9,79.2,91,88.6,96.7,105,115,97.4,98.5
Bosnia and Herzegovina,0,,,,,0,,,,,0,,,,,0,0,0,0,0,0,0,0,0,0,0,0,0,0,0,0,0,0,0,0,0,0.0384,0.222,0.612,1.27,2.23,10.6,17.8,25.7,34,38.9,46.5,61.1,80.6,84,81.6,84.7,91.4,96.4,97.8,97.7,97.8,100,102,112,106,114,118
Belarus,0,,,,,0,,,,,0,,,,,0,0,0,0,0,0,0,0,0,0,0,0,0,0,0,0,0,0,0.00309,0.0165,0.0564,0.0627,0.0785,0.117,0.228,0.481,1.36,4.56,11.1,22.4,41.3,60.4,70.8,83,99.3,106,110,110,115,118,118,118,118,120,120,121,123,123
Belize,0,,,,,0,,,,,0,,,,,0,0,0,0,0,0,0,0,0,0,0,0,0,0,0,0,0,0,0.206,0.419,0.76,1.04,1.17,1.57,2.83,6.99,15.8,20.2,22.9,27.6,34.2,40.9,39.8,52.4,51.5,60.3,67.5,51.2,50.7,48.9,58.9,60.7,63.9,64.5,65.5,66.8,66,
Bermuda,0,,,,,0,,,,,0,,,,,0,0,0,0,0,0,0,0,0,0,0,0,,,1.3,1.93,2.49,3.32,5.79,8.67,10.6,13.3,17.1,20.7,21,21.2,21.6,48.3,64,78.1,83.7,95.3,109,125,134,139,,143,148,93.9,60.2,101,103,,105,106,106,
Bolivia,0,,,,,0,,,,,0,,,,,0,0,0,0,0,0,0,0,0,0,0,0,0,0,0,0,0.00407,0.021,0.0352,0.0527,0.0922,0.418,1.46,2.89,4.98,6.78,8.92,11.5,14.1,19.5,25.8,30.1,33.5,51,64.3,70.2,80.3,89.8,97,95.7,91.6,89.7,95.9,98.6,99.2,98.9,99.6,
Brazil,0,,,,,0,,,,,0,,,,,0,0,0,0,0,0,0,0,0,0,0,0,0,0,0,0.00044,0.00437,0.0205,0.115,0.357,0.786,1.5,2.7,4.31,8.67,13.2,16.1,19.3,25.4,35.5,46.2,52.9,63.4,78.2,87.1,100,118,124,134,138,126,118,106,99.6,95.4,96.5,102,98.9
Barbados,0,,,,,0,,,,,0,,,,,0,0,0,0,0,0,0,0,0,0,0,0,0,0,0,0,0.187,0.306,0.598,1.13,1.76,2.39,3.04,4.55,7.69,10.8,20,36.5,52.3,74.5,76.5,87.7,94.9,106,123,127,126,126,111,110,120,119,118,118,118,105,113,115
Brunei,0,,,,,0,,,,,0,,,,,0,0,0,0,0,0,0,0,0,0,0,0,0,0,,0.677,1.12,1.48,2.92,5.35,12,14.2,14.4,15.3,20.2,28.4,42,44.2,50.1,56.2,63.5,80.8,96.7,104,106,110,110,116,114,108,110,123,127,130,131,121,136,118
Bhutan,0,,,,,0,,,,,0,,,,,0,0,0,0,0,0,0,0,0,0,0,0,0,0,0,0,0,0,0,0,0,0,0,0,0,0,0,0,0.355,2.94,5.43,12.2,21.9,36.7,48.6,55.9,67.9,77.8,74.7,84.8,90.9,93.1,96.6,92.3,95,96.5,100,94.9
Botswana,0,,,,,0,,,,,0,,,,,0,0,0,0,0,0,0,0,0,0,0,0,0,0,0,0,0,0,0,0,0,0,0,0.917,5.44,12.9,18.9,18.5,24.4,28.1,29.8,42.7,58.6,74,91.5,113,136,142,146,151,151,140,135,138,150,150,161,165
Central African Republic,0,,,,,0,,,,,0,,,,,0,0,0,0,0,0,0,0,0,0,0,0,0,0,0,0,0,0,0,0,0.00134,0.0318,0.0396,0.0459,0.114,0.132,0.286,0.321,0.993,1.46,2.38,2.56,7.77,12.8,18.9,21,21,23.9,28.3,24.1,25.8,25.5,23.5,25.1,30.6,34.3,33.6,
Canada,0,,,,,0,,,,,0,,,,,0,0,0,0,0,0,0,0,0,0,0.0464,0.23,0.372,0.756,1.27,2.11,2.77,3.62,4.65,6.44,8.84,11.8,14,17.7,22.7,28.4,34.3,37.9,42,47.1,52.8,57.6,61.7,66.5,70.9,76,78.2,79.9,80.9,81.3,83.3,85.2,86.7,89.7,91.6,85.4,88.1,91.2
Switzerland,0,,,,,0,,,,,0,,,,,0,0,0,0,0,0,0,0,0,0,0,0,0.0837,0.467,1.09,1.86,2.57,3.13,3.72,4.75,6.35,9.37,14.7,23.9,42.8,64.6,73,78.8,84.4,85,92,99.5,109,116,121,123,127,132,137,136,136,134,131,127,127,127,123,120
Chile,0,,,,,0,,,,,0,,,,,0,0,0,0,0,0,0,0,0,0,0,0,0,0,0.0372,0.104,0.266,0.468,0.609,0.814,1.37,2.19,2.77,6.43,14.9,22.2,32.9,39.8,45.8,57.8,65.3,76.2,84.6,88.8,97.7,117,130,138,135,134,130,129,125,135,132,130,136,135
China,0,,,,,0,,,,,0,,,,,0,0,0,0,0,0,0,0,0,0,0,0,60µ,0.00029,0.00086,0.00159,0.00406,0.0149,0.0534,0.13,0.298,0.558,1.07,1.91,3.45,6.74,11.4,16.1,20.9,25.8,30.1,35.1,41.4,48.2,55.8,63.7,72.7,81.4,89.3,92.8,92.7,97.4,104,116,123,121,122,125
Cote d'Ivoire,0,,,,,0,,,,,0,,,,,0,0,0,0,0,0,0,0,0,0,0,0,0,0,0,0,0,0,0,0,0,0.0915,0.235,0.575,1.57,2.82,4.22,5.81,7.07,9.03,12.4,21,37.7,51.6,63.8,73.9,80.4,82.2,86.3,96.1,108,113,128,133,143,150,162,174
Cameroon,0,,,,,0,,,,,0,,,,,0,0,0,0,0,0,0,0,0,0,0,0,0,0,0,0,0,0,0,0.0124,0.0212,0.0258,0.0301,0.0349,0.0408,0.684,2.69,4.41,6.59,9.11,13,17.7,24.9,32.8,41.4,43.4,51.3,62.3,72.4,76.4,78.9,78.9,82.5,73.6,83,84.4,80,82.8
"Congo, Dem. Rep.",0,,,,,0,,,,,0,,,,,0,0,0,0,0,0,0,0,0,0,0,0,0,0,0,0,0,,,,0.0196,0.0163,0.0199,0.0218,0.0254,0.0308,0.299,1.08,2.34,3.63,4.86,7.56,10.9,16,14.7,17.8,22.8,28.3,38.4,48.8,48,35.5,42,41.9,41.3,43.9,48.9,50.3
"Congo, Rep.",0,,,,,0,,,,,0,,,,,0,0,0,0,0,0,0,0,0,0,0,0,0,0,0,0,0,0,0,0,0,0.0355,,0.115,0.166,2.23,4.61,6.66,9.64,10.8,15.2,24.1,32.5,44.2,69.3,83.8,84.7,90.9,96.5,99.7,103,105,95.2,91.9,91.8,98.5,96.8,
Colombia,0,,,,,0,,,,,0,,,,,0,0,0,0,0,0,0,0,0,0,0,0,0,0,0,0,0,0,0,0.246,0.763,1.43,3.39,4.74,5.1,5.75,8.2,11.4,15.1,25,51.8,69.6,78.4,94.4,95.1,99.2,102,107,109,119,122,123,129,131,132,133,146,156
Comoros,0,,,,,0,,,,,0,,,,,0,0,0,0,0,0,0,0,0,0,0,0,0,0,0,0,0,0,0,0,0,0,0,0,0,0,0,0,0.351,1.44,2.62,6.1,10.1,14.6,19.1,25.2,32.3,41.4,49.7,53.6,58.2,60.9,61.6,64.3,72.7,97,104,100
Cape Verde,0,,,,,0,,,,,0,,,,,0,0,0,0,0,0,0,0,0,0,0,0,0,0,0,0,0,0,0,0,0,0,0.00464,0.232,1.79,4.31,6.76,9.08,11.1,13.5,16.6,21.8,30.2,54.4,56.4,71.3,75.1,79.7,92.5,112,111,108,108,107,103,93.5,100,99.2
Costa Rica,0,,,,,0,,,,,0,,,,,0,0,0,0,0,0,0,0,0,0,0,0,0,0,0,0,0,0.0906,0.133,0.2,0.525,1.27,1.72,2.85,3.54,5.32,8.07,12.2,18.6,21.7,25.5,33,34,41.9,42.7,67.7,88.7,114,148,145,154,168,177,169,144,147,152,152
Cuba,0,,,,,0,,,,,0,,,,,0,0,0,0,0,0,0,0,0,0,0,0,0,0,0,0,0,0.00217,0.00461,0.0106,0.0177,0.0221,0.0272,0.0368,0.0464,0.0588,0.077,0.16,0.316,0.675,1.21,1.36,1.76,2.94,5.51,8.88,11.6,14.9,17.6,22.3,29.4,35.2,40.7,47.4,53.4,59,63.1,67.8
Cayman Islands,0,,,,,0,,,,,0,,,,,0,0,0,0,0,0,0,0,0,0,0,0,,,,0,2.04,3.45,4.19,5.77,7.73,,11.5,14,22,27,41.4,44.8,48,74.6,173,192,204,192,207,186,174,174,168,153,153,154,152,,150,149,147,
Cyprus,0,,,,,0,,,,,0,,,,,0,0,0,0,0,0,0,0,0,0,0,0,0,0.03,0.238,0.545,0.863,1.59,2.44,3.59,6.77,10.6,13.6,17,22,31.3,44.6,58.6,76.3,89.8,105,114,127,128,119,123,127,128,128,131,131,133,136,137,140,140,149,
Czech Republic,0,,,,,0,,,,,0,,,,,0,0,0,0,0,0,0,0,0,0,0,0,0,0,0,0,0.012,0.0451,0.136,0.295,0.474,1.95,5.12,9.41,19,42.5,67.9,84.1,94.7,105,115,120,128,133,125,124,125,129,130,132,118,119,120,121,124,123,126,128
Germany,0,,,,,0,,,,,0,,,,,0,0,0,0,0,0,0,0,0,0,0.00139,0.0306,0.0624,0.126,0.207,0.343,0.667,1.21,2.2,3.08,4.59,6.78,10.2,17.1,28.7,59.1,68.9,72.6,79.7,87.8,97.6,106,119,130,129,109,112,113,122,122,117,126,133,130,129,129,128,125
Djibouti,0,,,,,0,,,,,0,,,,,0,0,0,0,0,0,0,0,0,0,0,0,0,0,0,0,0,0,0,0,0,0.0171,0.0304,0.0317,0.0389,0.031,0.392,1.9,2.85,4.21,5.3,5.29,8.04,12.8,14.3,18,20.6,22.3,25.1,29,31.2,33.7,35.9,37.4,38.5,39.8,44.3,46.3
Dominica,0,,,,,0,,,,,0,,,,,0,0,0,0,0,0,0,0,0,0,0,0,0,0,0,0,0,0,0,0,0,0.667,0.805,0.943,1.16,1.76,11.3,17.8,34.8,61,75.7,104,129,132,143,154,158,159,136,107,110,112,107,108,109,104,85.9,
Denmark,0,,,,,0,,,,,0,,,,,0,0,0,0,0,0,0,0.14,0.314,0.598,0.9,1.13,1.51,1.98,2.41,2.88,3.41,4.08,6.88,9.66,15.7,25,27.4,36.4,49.4,63,73.9,83.2,88.3,95.4,100,107,115,119,124,116,129,130,125,127,125,122,124,125,125,124,126,127
Dominican Republic,0,,,,,0,,,,,0,,,,,0,0,0,0,0,0,0,0,0,0,0,0,,,,0.0444,0.077,0.0968,0.137,0.272,0.711,1.03,1.74,2.53,5.05,8.26,14.7,19.3,23.5,28,39.5,49.6,58.6,75.7,89.4,91,88.6,89.1,90.6,80.8,84.5,82.7,82.4,83,82.2,81.7,87.6,90.4
Algeria,0,,,,,0,,,,,0,,,,,0,0,0,0,0,0,0,0,0,0,0,0,0,0,0,0.00184,0.0183,0.0179,0.0175,0.00483,0.0165,0.0404,0.059,0.0602,0.237,0.279,0.321,1.42,4.51,15,41.5,62.8,81.1,78.2,93,91.4,97.5,101,104,112,109,117,111,112,106,105,106,109
Ecuador,0,,,,,0,,,,,0,,,,,0,0,0,0,0,0,0,0,0,0,0,0,0,0,0,0,0,0,0,0.167,0.47,0.508,1.06,1.99,3.09,3.82,6.69,11.9,18,26.2,45.4,60.6,69.7,80.6,89.8,98.6,101,106,106,104,79.9,84.4,87.7,92.7,91.4,88,94.3,97.2
Egypt,0,,,,,0,,,,,0,,,,,0,0,0,0,0,0,0,0,0,0,0,0,0.00497,0.00556,0.00649,0.00699,0.00768,0.00819,0.0112,0.0117,0.0115,0.0112,0.0976,0.133,0.688,1.91,3.83,6.04,7.63,9.86,17.2,22.3,36.6,49.2,64.7,81,93.5,106,107,99.7,96.2,98,101,90.4,90.3,88.7,94.7,93.2
Eritrea,0,,,,,0,,,,,0,,,,,0,0,0,0,0,0,0,0,0,0,0,0,0,0,0,0,0,0,0,0,0,0,0,0,0,0,0,0,0,0.724,1.43,2.15,2.88,3.61,4.58,5.89,7.54,9.39,10.8,12.6,14.2,15,20.5,,37.5,50.6,49.7,
Spain,0,,,,,0,,,,,0,,,,,0,0,0,0,0,0,0,0,,,,0.00441,0.0109,0.03,0.0767,0.141,0.278,0.46,0.653,1.04,2.37,7.49,10.8,15.9,37,59.6,72.4,80.8,88.1,89.9,97.7,103,107,108,110,110,113,108,108,109,110,111,113,116,117,117,120,124
Estonia,0,,,,,0,,,,,0,,,,,0,0,0,0,0,0,0,0,0,0,0,0,0,0,0,0,0.0364,0.162,0.48,0.933,2.1,4.84,10.1,17.5,27.6,39.9,46.9,63.9,76.6,92.2,107,123,125,121,118,124,136,151,146,144,145,144,145,146,147,145,149,155
Ethiopia,0,,,,,0,,,,,0,,,,,0,0,0,0,0,0,0,0,0,0,0,0,0,0,0,0,0,0,0,0,0,0,0,0,0.0104,0.0265,0.0398,0.0709,0.0701,0.207,0.53,1.09,1.47,2.32,4.67,7.68,15.4,21.7,26.4,30.6,41.3,48.6,36.6,,36.7,38,53.6,56
Finland,0,,,,,0,,,,,0,,,,,0,0,0,0,0,0.491,0.589,0.702,0.87,1.07,1.38,1.73,2.15,2.79,3.83,5.17,6.37,7.66,9.65,13.3,20.3,29.3,42.1,55.2,63.4,72,80.5,86.9,91.1,95.4,100,108,115,129,144,156,166,172,136,139,135,131,130,130,129,129,129,129
Fiji,0,,,,,0,,,,,0,,,,,0,0,0,0,0,0,0,0,0,0,0,0,0,0,0,0,0,0,0,0.139,0.278,0.465,0.646,0.983,2.84,6.61,9.62,10.6,12.8,16.4,23.4,32.2,59.5,66.9,71,77.1,80,94.3,102,95.7,105,114,113,110,112,108,107,
France,0,,,,,0,,,,,0,,,,,0,0,0,0,0,0,0,0,0,0,0,0.0163,0.0705,0.176,0.318,0.502,0.662,0.768,1,1.54,2.27,4.27,10.1,19.3,36.7,49.5,62.7,65,69.8,74.1,79.5,84.8,90.3,93.9,93.3,92.5,95.3,98.7,100,103,104,106,108,110,112,113,117,119
Faeroe Islands,0,,,,,0,,,,,0,,,,,0,0,0,0,0,0,0,0,0,0,0,0,0,0,,0,3.05,3.73,3.56,4.44,5.84,7.4,10.6,14.5,23.8,37.2,53,74.2,80.2,86.1,87,103,108,113,118,123,121,121,119,120,109,110,113,111,106,113,112,
"Micronesia, Fed. Sts.",0,,,,,0,,,,,0,,,,,0,0,0,0,0,0,0,0,0,0,0,0,0,0,0,0,0,0,0,0,0,0,0,0,0,0,0,0.0893,5.25,11.5,12.7,16.9,25,25.3,25.5,25.6,25.6,28.8,28.9,,20.6,21.3,20.9,,20.7,19.6,19.4,
Gabon,0,,,,,0,,,,,0,,,,,0,0,0,0,0,0,0,0,0,0,0,0,0,0,0,0,0,0.027,0.113,0.236,0.357,0.591,0.805,0.801,0.717,9.43,11.5,20.8,21.8,34.5,50.5,59.8,75.4,81.3,87.7,94.1,134,139,144,149,139,142,124,134,133,133,134,125
UK,0,,,,,0,,,,,0,,,,,0,0,0,0,0,0,0,0,0,0,0.0883,0.229,0.51,0.983,1.71,1.95,2.2,2.62,3.93,6.82,9.9,12.5,15.2,25.5,46.4,73.8,78.3,82.9,91,99.5,108,115,121,121,123,122,122,123,122,121,122,120,120,119,121,118,119,121
Georgia,0,,,,,0,,,,,0,,,,,0,0,0,0,0,0,0,0,0,0,0,0,0,0,0,0,0,0,0,0,0.00308,0.0483,0.647,1.33,3.03,4.57,7.27,12.4,17.7,21.1,29.6,43.3,66.5,71,73.6,104,116,124,132,143,147,147,146,145,143,135,148,156
Ghana,0,,,,,0,,,,,0,,,,,0,0,0,0,0,0,0,0,0,0,0,0,0,0,0,0,0,0.00246,0.0105,0.0196,0.0355,0.0715,0.12,0.223,0.365,0.661,1.21,1.86,3.73,7.74,12.8,22.5,32.1,47.6,60.6,68.2,80.8,95.4,102,108,121,130,122,133,130,126,123,120
Gibraltar,0,,,,,0,,,,,0,,,,,0,0,0,0,0,0,0,0,0,0,0,0,0,0,0,0,0,0,0,0,2.41,3.64,5.88,8.85,13.2,20,35.3,43.6,56.2,64,68.6,74.4,80,85.5,92.8,96,103,108,,117,127,126,126,126,124,108,105,112
Guinea,0,,,,,0,,,,,0,,,,,0,0,0,0,0,0,0,0,0,0,0,0,0,0,0,0,0,0,0.0006,0.0112,0.0127,0.0124,0.0366,0.27,0.308,0.505,0.659,1.06,1.27,1.73,2.07,,20.9,28.1,34.8,38.9,46.2,51.8,67.3,76.6,92.6,93.1,95.6,95.7,100,104,102,
Gambia,0,,,,,0,,,,,0,,,,,0,0,0,0,0,0,0,0,0,0,0,0,0,0,0,0,0,0.0181,0.0391,0.0673,0.116,0.242,0.359,0.372,0.38,0.39,3.72,6.57,9.53,10.9,14.9,23.6,45.3,64.1,69.9,76.3,70.1,74.1,87,104,121,122,125,130,103,104,101,
Guinea-Bissau,0,,,,,0,,,,,0,,,,,0,0,0,0,0,0,0,0,0,0,0,0,0,0,0,0,0,0,0,0,0,0,0,0,0,0,0,0,0.0969,2.93,7.16,11.1,20.4,33.6,36.7,43.2,45.5,63.5,55.4,63.6,69.2,70.1,76.3,76.9,80.7,94.9,109,126
Equatorial Guinea,0,,,,,0,,,,,0,,,,,0,0,0,0,0,0,0,0,0,0,0,0,0,0,0,0,0,0,0,0,0,0.0105,0.0495,0.0472,0.0916,0.73,2.09,4.24,5.26,7.49,11.2,13.3,15.8,18.1,19.2,36.5,41.8,42,41.1,39.9,39.6,41.1,39,39.4,39.7,46.6,50,53.3
Greece,0,,,,,0,,,,,0,,,,,0,0,0,0,0,0,0,0,0,0,0,0,0,0,0,0,0,0,0.454,1.44,2.54,4.92,8.62,18.7,35.5,53.7,71.9,83.9,80.4,83.9,92.3,98.9,111,125,120,111,110,122,115,112,116,117,121,114,112,109,110,109
Grenada,0,,,,,0,,,,,0,,,,,0,0,0,0,0,0,0,0,0,0,0,0,0,0,0,0.151,0.147,0.179,0.276,0.339,0.384,0.544,0.925,1.33,1.88,4,5.94,6.98,38.9,39.5,42.5,41.6,46,53.4,101,107,105,112,114,99.3,101,99.2,93.6,97.4,94.7,96,81.1,
Greenland,0,,,,,0,,,,,0,,,,,0,0,0,0,0,0,0,0,0,0,0,0,0,0,0,0,0,0.307,0.786,1.73,3.68,7.37,11.6,15.9,24.1,26.9,28.2,35.2,52.4,68.6,81.7,94.9,117,98.7,94.7,102,104,106,108,109,109,,111,110,110,118,118,
Guatemala,0,,,,,0,,,,,0,,,,,0,0,0,0,0,0,0,0,0,0,0,0,0,0,0,0.00323,0.0131,0.0224,0.0304,0.104,0.289,0.408,0.589,0.996,2.95,7.3,9.55,12.8,16.2,24.7,34.3,53.5,86.9,107,121,124,131,137,141,108,113,112,121,121,122,117,126,115
Guam,0,,,,,0,,,,,0,,,,,0,0,0,0,0,0,0,0,0,0,0,0,0,0,0,0,0.616,0.909,1.31,2.77,3.31,3.81,3.68,8.21,12.6,17,20.2,43.4,48.8,59.8,,,,,,,,,,,,,,,,,,
Guyana,0,,,,,0,,,,,0,,,,,0,0,0,0,0,0,0,0,0,0,0,0,0,0,0,0,0,0.113,0.138,0.167,0.165,0.159,0.185,0.192,0.371,5.25,9.91,10.4,18.1,22.6,37,52.7,71.2,59.4,65,74.9,71,73.5,74.3,75.5,71.9,77,84.3,,97.4,107,106,
"Hong Kong, China",0,,,,,0,,,,,0,,,,,0,0,0,0,0,0,0,0,0,0.0187,0.0813,0.182,0.503,0.905,1.55,2.29,3.2,3.88,4.78,7.86,12.8,21.5,34.6,48.5,64.4,80.9,84.9,93.4,107,119,123,136,154,164,178,193,213,227,233,231,226,236,247,266,286,291,319,292
Honduras,0,,,,,0,,,,,0,,,,,0,0,0,0,0,0,0,0,0,0,0,0,0,0,0,0,0,0,0,0,0,0.0387,0.235,0.553,1.21,2.33,3.48,4.65,5.27,9.58,16.9,28.9,52.8,76.7,101,112,93.5,83.8,86.7,84.6,86.6,82.8,85.5,77.5,75.9,68.8,73.6,76.1
Croatia,0,,,,,0,,,,,0,,,,,0,0,0,0,0,0,0,0,0,0,0,0,0,0,0,0.00492,0.0417,0.132,0.237,0.45,0.701,1.36,2.56,3.92,6.41,22.7,38.9,51.6,56.9,63.8,82.4,99.5,114,104,107,113,118,115,110,104,104,105,103,105,107,107,108,111
Haiti,0,,,,,0,,,,,0,,,,,0,0,0,0,0,0,0,0,0,0,0,0,0,0,0,0,0,0,0,0,0,0,0,0.124,0.305,0.658,1.07,1.62,3.63,4.46,5.49,13,26.5,33.4,37.5,40.6,42.2,60.3,69.8,65,69.1,60.7,58,60,61.3,64.7,63.9,
Hungary,0,,,,,0,,,,,0,,,,,0,0,0,0,0,0,0,0,0,0,0,0,0,0,0,0.0255,0.0817,0.225,0.441,1.38,2.57,4.59,6.86,10.4,15.9,30.2,48.8,67.9,78.5,86.5,92.5,99.1,110,122,118,120,117,117,117,119,101,101,102,103,105,106,107,104
Indonesia,0,,,,,0,,,,,0,,,,,0,0,0,0,0,0,0,0,0,0.00108,0.00122,0.00268,0.00367,0.00513,0.00722,0.00993,0.0132,0.0188,0.0279,0.04,0.106,0.279,0.448,0.513,1.05,1.71,3,5.32,8.29,13.4,20.5,27.5,39.8,59.1,67.9,86.6,101,113,124,127,131,147,165,120,127,131,134,115
India,0,,,,,0,,,,,0,,,,,0,0,0,0,0,0,0,0,0,0,0,0,0,0,0,0,0,0,0,0,0.00795,0.0333,0.088,0.117,0.181,0.338,0.606,1.18,3.01,4.6,7.81,14.2,19.6,28.7,42.9,60.6,71.1,67.8,68.6,72.2,75.7,84.3,86.3,85.9,83.3,82.6,82,80.6
Ireland,0,,,,,0,,,,,0,,,,,0,0,0,0,0,0,0,0,0,0,0.00856,0.0427,0.0989,0.18,0.39,0.717,0.913,1.25,1.72,2.47,4.41,8,15,25.7,45.1,65.3,77.6,77,88.4,95.7,104,111,114,113,105,104,108,110,106,106,105,103,103,103,105,106,108,113
Iran,0,,,,,0,,,,,0,,,,,0,0,0,0,0,0,0,0,0,0,0,0,0,0,0,0,0,0,0,0.0153,0.0262,0.0974,0.382,0.615,0.761,1.47,3.13,3.39,5.08,7.35,12.1,21.6,41.2,58.6,70.7,71.7,73.4,75.2,83.2,86.2,90.7,96.7,103,104,136,146,155,165
Iraq,0,,,,,0,,,,,0,,,,,0,0,0,0,0,0,0,0,0,0,0,0,0,0,0,0,0,0,0,0,0,0,0,0,0,0,0,0.0762,0.296,2.06,5.34,32.3,48.9,60,66.4,74.4,78.8,79,91.5,89.8,88.9,86.4,84.3,90,89.6,88.1,93.6,98.2
Iceland,0,,,,,0,,,,,0,,,,,0,0,0,0,0,0,0,0,0,0,0,1.09,2.04,2.61,3.12,3.93,5,5.84,6.6,8.21,11.5,17.4,24.1,38,62.2,76.3,87,90.5,96.5,99.2,95.3,99.3,105,106,107,107,108,110,110,113,116,120,117,117,115,115,118,123
Israel,,,,,,,,,,,,,,,,,,,,,,,,,,,,,,,0.317,0.465,0.711,1.24,2.5,8.13,18.7,29.1,36.6,48,71.9,88.2,99.1,102,109,116,123,128,127,125,124,123,122,123,121,132,130,127,127,136,140,140,152
Italy,0,,,,,0,,,,,0,,,,,0,0,0,0,0,0,0,0,0,0,0.0113,0.016,0.0292,0.0593,0.117,0.469,1,1.38,2.12,3.94,6.9,11.3,20.6,36,53.2,74.2,89.9,94.9,98.9,108,123,138,153,153,151,157,160,161,161,149,146,143,140,139,133,130,132,133
Jamaica,0,,,,,0,,,,,0,,,,,0,0,0,0,0,0,0,0,0,0,0,0,0,0,0,0,0.101,0.313,0.619,1.05,1.8,2.16,2.58,3.05,5.56,14,22.8,47.2,59.5,69,74,84.6,99.4,100,109,116,107,98.4,103,108,112,117,110,105,107,102,103,106
Jordan,0,,,,,0,,,,,0,,,,,0,0,0,0,0,0,0,0,0,0,0,0,0,0,0,0.0413,0.0399,0.0378,0.0357,0.0338,0.266,0.523,0.951,1.7,2.39,7.69,16.8,23.1,24.6,29.4,55.3,71.5,73.7,80.1,88.7,95.5,105,125,134,128,145,98.5,95,83.5,72.7,63.9,65.3,67.6
Japan,0,,,,,0,,,,,0,,,,,0,0,0,0,0,0,0.0112,0.0166,0.0227,0.0335,0.051,0.0782,0.123,0.198,0.397,0.702,1.11,1.38,1.71,3.46,9.34,21.4,30.4,37.5,44.9,52.7,58.9,63.7,68,71.6,75.5,78,83.9,86.2,90.8,96.2,104,110,116,124,126,131,136,142,148,156,161,168
Kazakhstan,0,,,,,0,,,,,0,,,,,0,0,0,0,0,0,0,0,0,0,0,0,0,0,0,0,0,0,0,0.00239,0.028,0.0607,0.0708,0.192,0.324,1.29,3.81,6.7,8.63,15.8,34.5,49.1,77,92.1,104,117,150,177,175,163,148,141,146,141,137,128,127,130
Kenya,0,,,,,0,,,,,0,,,,,0,0,0,0,0,0,0,0,0,0,0,0,0,0,0,0,0,0.00446,0.00458,0.00761,0.00848,0.0102,0.0239,0.0369,0.0793,0.413,1.89,3.62,4.71,7.32,12.9,19.9,29.8,41.6,48,60.1,65.9,70.3,71.1,73.4,80.5,81.4,87.5,99.1,107,118,123,122
Kyrgyz Republic,0,,,,,0,,,,,0,,,,,0,0,0,0,0,0,0,0,0,0,0,0,0,0,0,0,0,0,0,0,0,0,0,0.0281,0.0528,0.182,0.542,1.06,2.72,5.13,10.4,24,41,63.5,82.9,96.2,113,121,118,130,128,127,138,140,136,132,130,
Cambodia,0,,,,,0,,,,,0,,,,,0,0,0,0,0,0,0,0,0,0,0,0,0,0,0,0,0,0,0.047,0.0963,0.129,0.207,0.294,0.526,0.749,1.08,1.81,3.03,3.9,6.62,8.02,12.8,18.8,30.4,44.3,56.7,94.4,129,135,134,135,127,117,121,132,129,120,116
Kiribati,0,,,,,0,,,,,0,,,,,0,0,0,0,0,0,0,0,0,0,0,0,0,0,0,0,0,0,0,0,0,0,0,0.0256,0.229,0.338,0.436,0.536,0.558,0.639,0.662,0.699,0.735,0.962,9.35,9.81,12.5,16.1,17.7,26.1,35.1,43.9,38.3,43.6,44,43.2,40.8,48.8
St. Kitts and Nevis,0,,,,,0,,,,,0,,,,,0,0,0,0,0,0,0,0,0,0,0,0,0,0,0,0,,,,,,0.696,0.47,0.995,1.56,2.64,4.57,10.8,47.4,62.3,109,109,137,158,160,169,162,159,161,136,153,160,161,150,137,131,119,
South Korea,0,,,,,0,,,,,0,,,,,0,0,0,0,0,0,0,0,0,,,0.017,0.0242,0.0474,0.0912,0.181,0.373,0.608,1.05,2.13,3.62,6.97,15,30.3,50.4,57.3,61.7,68.3,70.7,76.7,80.1,83.7,92,94.2,98.7,104,107,108,109,113,116,119,124,128,133,136,141,149
Kosovo,,,,,,,,,,,,,,,,,,,,,,,,,,,,,,,,,,,,,,,,,,,,,,32.3,32.3,32.3,32.3,32.3,32.3,,,,,,,,,,,,
Kuwait,0,,,,,0,,,,,0,,,,,0,0,0,0,0,0,0,0,0,0,0,0.417,0.698,0.822,1.02,1.24,3.21,3.15,3.89,5.19,7.11,8.87,11.9,13.7,16,24.6,44.1,59.9,67.6,82.4,61.8,49.9,56.9,56.6,93.7,135,157,150,176,202,196,189,173,164,165,155,163,181
Lao,0,,,,,0,,,,,0,,,,,0,0,0,0,0,0,0,0,0,0,0,0,0,0,0,0,0,0.00636,0.00726,0.013,0.0312,0.0751,0.0954,0.123,0.226,0.234,0.535,0.984,1.97,3.54,11.2,17,24.5,33,51.9,63.3,85.4,66.1,69.9,69,54.9,57.4,53,51.5,64.3,63.3,65,
Lebanon,0,,,,,0,,,,,0,,,,,0,0,0,0,0,0,0,0,0,0,0,0,0,0,0,0,0,0,0,0,3.03,4.91,9.1,12.1,14.8,17.2,17.5,17.4,17.7,19.3,21.4,23.4,26.2,29.2,48.3,57.3,68.5,72.5,68.4,69.9,72.8,68.3,72,74.3,73.3,75.7,76.7,
Liberia,0,,,,,0,,,,,0,,,,,0,0,0,0,0,0,0,0,0,0,0,0,0,0,0,0,0,0,0,0,0,0,0,0,0,0.0518,0.0671,0.163,1.53,3.02,4.9,8.1,15.5,22.6,27.8,39.1,48.3,54.9,57.6,71.4,79.2,66.2,55.5,,38.9,32.5,31.8,
Libya,0,,,,,0,,,,,0,,,,,0,0,0,0,0,0,0,0,0,0,0,0,0,0,0,0,0,0,0,0,0,0,0.204,0.402,0.593,0.776,0.948,1.3,2.29,8.79,34.3,65.8,73.8,118,150,168,162,163,171,139,157,122,94.4,,174,175,207,205
St. Lucia,0,,,,,0,,,,,0,,,,,0,0,0,0,0,0,0,0,0,0,0,0,0,0,0,0,,,,0.348,0.656,0.909,1.03,1.21,1.45,1.57,1.68,8.85,60.7,61.5,63.9,63.4,87.8,104,112,116,126,125,122,108,107,100,99.7,104,82.8,81.4,95.6,
Liechtenstein,,,,,,,,,,,,,,,,,,,,,,,,,,,,,,,0,,,,,,,,23.3,27.6,30.3,33,33.8,73.5,74.3,79.5,82.4,91.1,96,98.1,98.8,102,98.8,104,110,110,118,122,124,124,126,126,126
Sri Lanka,0,,,,,0,,,,,0,,,,,0,0,0,0,0,0,0,0,0,0,0,0,0,0,0,0.00587,0.0103,0.015,0.0824,0.162,0.282,0.388,0.623,0.939,1.37,2.29,3.53,4.87,7.22,11.3,17.1,27.2,39.8,54.6,79.6,84,87.8,92,96.1,104,112,120,131,140,131,137,141,143
Lesotho,0,,,,,0,,,,,0,,,,,0,0,0,0,0,0,0,0,0,0,0,0,0,0,0,0,0,0,0,0,0,0.0645,0.177,0.495,0.602,1.08,2.85,6.91,6.32,9.88,12.6,18.1,24.3,29.7,32.9,48.8,60.5,75.2,86.3,102,101,106,110,72,75.6,69.3,79.8,67.5
Lithuania,0,,,,,0,,,,,0,,,,,0,0,0,0,0,0,0,0,0,0,0,0,0,0,0,0,0,0.00703,0.0328,0.12,0.395,1.37,4.47,7.3,9.14,14.6,28.6,46.8,60.6,89.1,129,142,150,156,156,156,159,163,151,142,141,143,150,131,130,130,134,139
Luxembourg,0,,,,,0,,,,,0,,,,,0,0,0,0,0,0,0,0,0,0,0.0109,0.0793,0.101,0.145,0.176,0.216,0.295,0.286,1.28,3.21,6.58,10.9,16.1,30.8,48.7,69.6,92.7,106,119,103,110,151,143,145,145,143,148,143,145,144,142,131,133,131,132,133,137,
Latvia,0,,,,,0,,,,,0,,,,,0,0,0,0,0,0,0,0,0,0,0,0,0,0,0,0,0,0.0386,0.144,0.321,0.584,1.12,3.09,6.8,11.3,16.8,27.8,39.4,53.2,67.9,83.8,99.1,102,107,108,110,111,128,126,119,130,134,126,107,108,108,115,117
"Macao, China",0,,,,,0,,,,,0,,,,,0,0,0,0,0,0,0,0,0,0,0,0,0,0,0.402,0.637,1.34,2.82,3.98,5.52,9.05,11.1,12.8,19.6,27.8,32.7,44.3,61.4,78.7,90.9,109,127,154,176,191,201,237,277,290,307,308,314,321,335,421,413,186,175
Morocco,0,,,,,0,,,,,0,,,,,0,0,0,0,0,0,0,0,0,0,0,0,0.00026,0.00044,0.00287,0.00364,0.00594,0.0125,0.0257,0.0519,0.109,0.157,0.268,0.415,1.3,8.13,16.4,21,24.7,31,40.7,52,64.3,72.3,79.3,98.9,112,117,126,129,124,118,123,124,128,134,137,
Monaco,0,,,,,0,,,,,0,,,,,0,0,0,0,0,0,0,0,0,0,0,0,0,0,0,0,0,0,3.71,8.19,9.55,17,22.5,35.6,40.4,42.9,44.1,45.9,46.7,48.9,53.5,57.2,64.1,69,71,70.6,93.6,95.7,100,93.3,92.5,89.8,89,88.3,91.2,96.1,102,107
Moldova,0,,,,,0,,,,,0,,,,,0,0,0,0,0,0,0,0,0,0,0,0,0,0,0,0,0,0,0,0,0.00031,0.0208,0.0501,0.161,0.418,3.27,5.36,8.15,11.6,19.4,27.2,34.4,48.6,63.6,57,69.3,89.5,102,108,112,113,117,118,116,116,111,127,127
Madagascar,0,,,,,0,,,,,0,,,,,0,0,0,0,0,0,0,0,0,0,0,0,0,0,0,0,0,0,0,0.00223,0.00937,0.0161,0.0277,0.0838,0.227,0.389,0.883,0.947,1.6,1.83,2.72,5.41,11.1,23.6,29.8,35.5,38.8,38.2,35.9,40.1,43,31.4,33.4,39.7,47.2,56.2,56.3,70.2
Maldives,0,,,,,0,,,,,0,,,,,0,0,0,0,0,0,0,0,0,0,0,0,0,0,0,0,0,0,0,0,0,0.00758,0.479,0.587,1.05,2.7,6.58,14.3,22.4,37.5,66.3,86.2,96.4,129,131,137,142,145,156,160,170,179,191,175,164,140,135,137
Mexico,0,,,,,0,,,,,0,,,,,0,0,0,0,0,0,0,0,0,0,0,0,0,0.0019,0.0106,0.0782,0.193,0.368,0.446,0.645,0.765,1.12,1.87,3.53,8.03,14.4,21.9,25.7,29.4,37,44.7,51.8,61.5,68.7,74.9,81.2,82.9,87,91,88.4,89.6,91.9,93.1,96.9,97.6,97.5,99.8,100
Marshall Islands,0,,,,,0,,,,,0,,,,,0,0,0,0,0,0,0,0,0,0,0,0,0,0,0,0,0,0,0,0.562,0.521,0.708,0.89,0.649,0.823,0.824,0.899,1.01,1.1,1.18,1.21,,,,,,,,,30.7,31.4,,33.9,,35.8,36.9,38,
North Macedonia,0,,,,,0,,,,,0,,,,,0,0,0,0,0,0,0,0,0,0,0,0,0,0,0,0,0,0,0,0,0,0.053,0.617,1.49,2.41,5.68,10.9,17.7,37.5,47.5,54.4,60.7,86.1,94.3,93,103,106,106,106,106,98.8,97.2,95.1,93.2,90.9,88.2,92.3,97.8
Mali,0,,,,,0,,,,,0,,,,,0,0,0,0,0,0,0,0,0,0,0,0,0,0,0,0,0,0,0,0,0,0.0117,0.0274,0.0421,0.0585,0.0925,0.207,0.385,2,3.19,5.78,11.1,18,23.6,29.7,47.9,67.5,88.5,116,134,125,108,114,110,111,119,111,114
Malta,0,,,,,0,,,,,0,,,,,0,0,0,0,0,0,0,0,0,0,0,0,0,0,0,0,0.618,0.941,1.41,1.98,2.83,3.24,4.55,5.74,9.48,28.7,59.5,68.4,71.3,74.9,79,84.3,89.4,93.3,102,109,123,124,127,122,115,125,126,125,126,123,123,132
Myanmar,0,,,,,0,,,,,0,,,,,0,0,0,0,0,0,0,0,0,0,0,0,0,0,0,0,0,0,0.00154,0.00454,0.00645,0.0167,0.0193,0.0191,0.0253,0.0294,0.0493,0.103,0.142,0.195,0.27,0.445,0.511,0.754,1.02,1.2,2.5,7.43,13.5,56.8,79.6,97.5,91.7,116,154,147,126,107
Montenegro,,,,,,,,,,,,,,,,,,,,,,,,,,,,,,,,,,,,,,,,,,,,,76.5,85.8,102,142,183,205,185,183,157,157,160,159,164,165,180,183,172,178,203
Mongolia,0,,,,,0,,,,,0,,,,,0,0,0,0,0,0,0,0,0,0,0,0,0,0,0,0,0,0,0,0,0,0.0382,0.084,0.376,1.42,6.31,7.89,8.66,12.7,16.9,21.8,30,45.8,66.9,84.3,92.9,107,121,101,104,103,111,126,133,137,132,140,142
Northern Mariana Islands,0,,,,,0,,,,,0,,,,,0,0,0,0,0,0,0,0,0,0,0,0,0,0,0,0,,,1.53,1.6,2.46,,,,3.81,3.73,16.6,22.2,25,28.5,,,,,,,,,,,,,,,,,,
Mozambique,0,,,,,0,,,,,0,,,,,0,0,0,0,0,0,0,0,0,0,0,0,0,0,0,0,0,0,0,0,0,0,0.0151,0.0397,0.0706,0.287,0.838,1.36,2.27,3.59,7.44,11.3,14.5,20.2,26.6,31.3,33.1,36,49.1,71,75,54.3,41.6,47.8,48.8,49.6,42.7,42.1
Mauritania,0,,,,,0,,,,,0,,,,,0,0,0,0,0,0,0,0,0,0,0,0,0,0,0,0,0,0,0,0,0,0,0,0,0,0.568,4,8.76,12.2,17.7,24.8,34.4,44.8,64.7,65.7,81.2,94.1,111,107,97.7,92.4,89.2,97.9,107,107,129,141,113
Mauritius,0,,,,,0,,,,,0,,,,,0,0,0,0,0,0,0,0,0,0,0,0,0,0,0,0.202,0.226,0.26,0.356,0.497,1.01,1.78,3.59,5.06,8.47,14.8,22.2,28.2,37.2,43.8,52.2,61.1,73.1,81,84.9,92.8,101,115,119,128,136,140,142,148,144,147,152,161
Malawi,0,,,,,0,,,,,0,,,,,0,0,0,0,0,0,0,0,0,0,0,0,0,0,0,0,0,0,0,0,0.00378,0.0359,0.0666,0.0978,0.205,0.436,0.485,0.73,1.12,1.79,3.3,4.73,7.79,10.9,17.4,21.2,26.1,29.8,33,34.2,38.8,41.2,43.5,38.5,47.2,51.6,60,60.1
Malaysia,0,,,,,0,,,,,0,,,,,0,0,0,0,0,0,0,0,0,0,,0.0695,0.109,0.165,0.232,0.494,0.722,1.08,1.78,2.92,4.99,7.35,9.41,10.1,13.4,22.3,31.4,37.5,45,57.7,75.4,73.4,86.2,100,107,118,126,139,143,147,142,138,132,131,136,132,141,141
Namibia,0,,,,,0,,,,,0,,,,,0,0,0,0,0,0,0,0,0,0,0,0,0,0,0,0,0,0,0,0,0.218,0.403,0.738,1.12,1.69,4.51,5.74,7.94,11.7,14.8,22.9,30.6,39.8,51.6,78.9,92.9,103,99,124,119,112,114,113,115,115,116,115,113
New Caledonia,0,,,,,0,,,,,0,,,,,0,0,0,0,0,0,0,0,0,0,0,0,0,0,0,0,0,0,0,0,0.413,1.01,2.49,6.13,11.7,22.5,30.1,34.7,41.4,48.8,55.4,63.1,70.7,77.6,81.6,84.5,85.4,85.1,87,86.6,92,,,,91.1,90.8,90.3,
Niger,0,,,,,0,,,,,0,,,,,0,0,0,0,0,0,0,0,0,0,0,0,0,0,0,0,0,0,0,0,0,0,0.00093,0.0124,0.0195,0.0177,0.0177,0.462,0.638,1.29,2.34,3.36,6.04,12.3,16.2,22,27.4,30.1,37.6,42.5,44.5,35.7,40.4,,51.7,58.5,56.4,
Nigeria,0,,,,,0,,,,,0,,,,,0,0,0,0,0,0,0,0,0,0,0,0,0,0,0,0,0,0,0.0088,0.0121,0.012,0.0126,0.0132,0.0171,0.0209,0.0244,0.211,1.21,2.37,6.69,13.2,22.4,27.2,41.3,47.6,54.2,57.5,66.3,72.8,77.5,82,81.8,74.9,87.1,90.8,98,91.4,102
Nicaragua,0,,,,,0,,,,,0,,,,,0,0,0,0,0,0,0,0,0,0,0,0,0,0,0,0,0,0,0.00716,0.0472,0.0932,0.106,0.154,0.368,0.876,1.76,3.17,4.51,8.77,13.7,20.5,33.1,44.6,54.6,58,67.7,81.2,97,111,114,115,121,126,113,86.9,88.3,97.1,
Netherlands,0,,,,,0,,,,,0,,,,,0,0,0,0,0,0,0,0,0,,0.0331,0.105,0.165,0.224,0.377,0.529,0.764,1.1,1.42,2.09,3.49,6.54,11,21.3,42.7,67.6,76.3,75.4,81.8,91.4,97.4,106,118,125,122,115,119,117,115,115,122,122,119,122,125,123,125,118
Curaçao,,,,,,,,,,,,,,,,,,,,,,,,,,,,,,,,,,,,,,,,,,,,,,,,,,128,128,128,125,122,115,112,109,109,101,95.4,89.8,88.3,
Norway,0,,,,,0,,,,,0,,,,,0,0,0,0,0,0,0.0407,0.269,0.569,0.943,1.52,2.09,2.87,3.62,3.97,4.64,5.5,6.6,8.61,13.6,22.5,28.8,38.1,46.8,59.7,71.8,79.6,83.5,89,98.5,103,104,107,109,111,115,116,116,112,112,110,109,108,108,108,108,110,111
Nepal,0,,,,,0,,,,,0,,,,,0,0,0,0,0,0,0,0,0,0,0,0,0,0,0,0,0,0,0,0,0,0,0,0,0.0228,0.0416,0.0693,0.0864,0.319,0.449,0.865,4.36,12.2,15.6,20.7,33.9,49,60.8,78,83.8,99.7,115,128,137,134,130,127,
Nauru,0,,,,,0,,,,,0,,,,,0,0,0,0,0,0,0,0,0,0,0,0,0,0,0,0,0,0,1.47,4.38,4.85,5.8,7.24,8.19,9.63,11.6,14.5,,,,,,,,,60.5,65.2,65.1,,,84,86.6,85.6,,82.4,81.2,79.9,
New Zealand,0,,,,,0,,,,,0,,,,,0,0,0,0,0,0,0,0,0,0,0,0,0.0727,0.302,0.867,1.59,2.08,2.84,4.02,6.61,9.93,13.2,15,20.7,36.4,40,58.8,62,64.7,74.2,85.4,91,101,108,109,108,110,112,107,113,122,131,135,131,121,123,114,115
Oman,0,,,,,0,,,,,0,,,,,0,0,0,0,0,0,0,0,0,0,0.00347,0.0478,0.0716,0.102,0.12,0.151,0.194,0.238,0.271,0.314,0.365,0.671,2.36,4.35,5.37,7.14,14.1,19.8,24.9,33,53.1,70.4,94.1,117,138,151,148,151,149,154,156,153,149,140,138,140,135,
Pakistan,0,,,,,0,,,,,0,,,,,0,0,0,0,0,0,0,0,0,0,0,0,0,0,0,0.00173,0.00713,0.011,0.0127,0.0191,0.0308,0.0496,0.0955,0.135,0.177,0.199,0.466,1.04,1.44,2.94,7.32,19.4,34.6,47.3,49.6,51,54.8,59.4,62.2,65.2,59.7,63.9,66.8,70.1,74.1,77.3,81.6,81.7
Panama,0,,,,,0,,,,,0,,,,,0,0,0,0,0,0,0,0,0,0,0,0,0,0,0,0,0,0,0,0,0,0.253,0.83,2.98,7.91,13.7,15.5,16.8,21.8,38.8,52.9,64.6,87.7,112,170,183,183,165,162,178,145,128,129,137,138,142,148,156
Peru,0,,,,,0,,,,,0,,,,,0,0,0,0,0,0,0,0,0,0,0,0,0,0,0,0.00746,0.0252,0.0935,0.154,0.218,0.301,0.807,1.66,2.88,3.86,4.78,6.64,8.44,10.6,14.7,19.8,32.1,53.9,72.7,85.1,99.6,110,98.8,99.2,105,111,119,123,131,121,118,128,122
Philippines,0,,,,,0,,,,,0,,,,,0,0,0,0,0,0,0,0,0,0,0,0,0,0,0,0,0.0549,0.0868,0.155,0.254,0.713,1.35,1.85,2.33,3.74,8.28,15.3,18.9,27.1,38.9,40.3,48.8,64,74.6,81.3,87.9,97.8,104,103,110,114,115,112,124,152,133,143,144
Palau,,,,,,,,,,,,,,,,,,,,,,,,,,,,,,,,,,,,,,,,,,,12.4,19.7,19.7,30.5,42.5,55.2,61.1,67.7,78.3,84.7,95.6,101,107,133,,,,134,134,133,133
Papua New Guinea,0,,,,,0,,,,,0,,,,,0,0,0,0,0,0,0,0,0,0,0,0,0,0,0,0,0,0,0,0,0,0.0477,0.0778,0.108,0.133,0.155,0.188,0.255,0.287,0.768,1.15,1.49,4.33,12.2,19.3,25.2,30.7,33.8,36.4,39.7,41,42.5,44.1,46.1,47.5,49.4,48.4,
Poland,0,,,,,0,,,,,0,,,,,0,0,0,0,0,0,0,0,0,0,0,0,0,0,0,0,0,0.00574,0.041,0.101,0.195,0.565,2.12,5.02,10.3,17.5,25.9,36,45.1,59.8,75.6,95.3,107,114,116,122,130,140,148,147,141,138,131,125,126,128,132,132
Puerto Rico,0,,,,,0,,,,,0,,,,,0,0,0,0,0,0,0,0,0,0,0,,0.113,0.249,0.33,0.575,0.934,1.66,2.61,4.76,7.75,8.81,9.76,15.3,21.4,34.4,42.5,43,44.7,48.4,52.4,58,64.4,67.7,72.5,78.9,84.2,83.4,85.3,90.1,91.6,94.7,101,100,102,107,112,120
North Korea,0,,,,,0,,,,,0,,,,,0,0,0,0,0,0,0,0,0,0,0,0,0,0,0,0,0,0,0,0,0,0,0,0,0,0,0,0,0,0,0,0,0,0,0.282,1.75,4.03,6.83,9.68,11.1,12.8,14.2,14.9,,16.5,23.2,23.1,
Portugal,0,,,,,0,,,,,0,,,,,0,0,0,0,0,0,0,0,0,0,0,0,0,0,0.0278,0.0649,0.126,0.373,1.01,1.73,3.39,6.58,14.9,30.2,45.6,64.7,76.9,83.1,95.5,101,109,116,128,133,111,115,117,113,115,114,113,112,114,115,116,115,121,125
Paraguay,0,,,,,0,,,,,0,,,,,0,0,0,0,0,0,0,0,0,0,0,0,0,0,0,0,0,0.0351,0.0773,0.17,0.343,0.697,1.75,4.7,8.67,16,22.1,31.5,33.1,32.3,34.5,58.4,84,103,98.5,103,112,115,117,120,120,120,118,115,119,119,119,128
Palestine,,,,,,,,,,,,,,,,,,,,,,,,,,,,,,,0,,0,0,0,,,,,,0.219,5.32,7.44,7.67,12.5,15.9,22.4,27.2,34.1,45.5,64.2,69.5,73.9,73.6,72.2,78,80.1,84.2,90,86.3,79.6,77.6,
French Polynesia,0,,,,,0,,,,,0,,,,,0,0,0,0,0,0,0,0,0,0,0,0,0,0,0,0,0,0,0,0,0.497,1.16,2.27,4.55,8.88,15.9,26.4,20.2,22.8,35.9,44.3,55.3,62.9,66.7,73.8,76.1,78.1,79.4,84.5,88,92,95.4,97.4,102,106,111,106,107
Qatar,0,,,,,0,,,,,0,,,,,0,0,0,0,0,0,0,,,,,,,,,0.863,0.889,0.898,0.882,2.3,3.59,5.44,7.9,11.3,13.8,18.7,26.2,37.4,50.3,63,84.5,90.6,103,99,121,128,128,136,163,149,155,141,147,143,140,138,144,174
Romania,0,,,,,0,,,,,0,,,,,0,0,0,0,0,0,0,0,0,0,0,0,0,0,0,0,0,0,0.00352,0.0123,0.0402,0.0758,0.902,2.9,6.15,11.4,17.6,23.6,32.8,48,63.3,76.5,98.3,119,123,120,116,113,114,115,116,116,114,115,116,116,119,118
Russia,0,,,,,0,,,,,0,,,,,0,0,0,0,0,0,0,0,0,0,0,0,0,0,0,0,0.0002,0.00405,0.00674,0.0187,0.0597,0.151,0.328,0.507,0.933,2.23,5.31,12.1,25,51.2,83.5,105,119,139,161,166,142,144,151,153,157,158,156,157,164,164,169,
Rwanda,0,,,,,0,,,,,0,,,,,0,0,0,0,0,0,0,0,0,0,0,0,0,0,0,0,0,0,0,0,0,0,0,0.0632,0.137,0.481,0.79,0.984,1.53,1.56,2.47,3.39,6.67,13.5,24.2,34.4,42,52.5,60.3,68.1,75.2,74.8,72.1,77.4,75.3,80.7,81,79.9
Saudi Arabia,,,,,,,,,,,,,,,,,,,,,,,,,,,,,,,0.0928,0.0921,0.0916,0.0891,0.0869,0.0848,0.983,1.67,3.06,3.98,6.39,11.4,22.1,31.3,38.8,58.1,77.6,108,131,158,175,179,172,169,164,161,143,118,118,115,120,126,132
Sudan,0,,,,,0,,,,,0,,,,,0,0,0,0,0,0,0,0,0,0,0,0,0,0,0,0,0,0,0,0,0,0.00922,0.0155,0.0344,0.0507,0.0875,0.385,0.692,1.87,3.64,6.19,15.4,26.3,37.4,46.6,53.6,72.8,78.7,76.8,75.1,73.2,70.6,70.4,71.7,76.4,79.2,75.6,74
Senegal,0,,,,,0,,,,,0,,,,,0,0,0,0,0,0,0,0,0,0,0,0,0,0,0,0,0,0,0,0.00116,0.00141,0.016,0.0767,0.297,0.927,2.58,3.04,5.44,7.5,10.5,15.8,26.5,31.4,45.4,56.6,66.6,72.6,86.7,96.6,103,104,103,104,106,112,116,118,120
Singapore,0,,,,,0,,,,,0,,,,,0,0,0,0,0,0,0,0,0,,,,,0.376,0.893,1.71,2.62,3.72,5.37,6.85,8.63,11.8,22.6,28.3,41.1,67.8,72.6,79.3,84.6,93.5,101,107,127,133,137,143,148,150,154,145,146,148,145,147,154,143,147,156
Solomon Islands,0,,,,,0,,,,,0,,,,,0,0,0,0,0,0,0,0,0,0,0,0,0,0,0,0,0,0,0,0.0395,0.0613,0.0873,0.166,0.172,0.261,0.268,0.22,0.222,0.23,0.636,1.24,1.42,2.16,5.81,9.47,21.4,49.6,53.2,55.5,63.1,69.3,66.3,72.3,73.1,70.8,68.6,67,
Sierra Leone,0,,,,,0,,,,,0,,,,,0,0,0,0,0,0,0,0,0,0,0,0,0,0,0,0,0,0,0,0,0,0,0,0,0,0.26,0.554,1.3,2.12,,,,13.1,16.6,18.5,31.1,32.3,32.6,57.4,66.6,77.3,83.8,86.3,80.8,83.6,83.6,97.7,
El Salvador,0,,,,,0,,,,,0,,,,,0,0,0,0,0,0,0,0,0,0,0,0,0,0,0,0,0,0,0.029,0.0855,0.234,0.401,0.687,2.33,8.63,12.5,14.3,14.8,19.1,30.4,39.9,63.8,102,115,124,126,136,140,145,148,150,154,151,150,166,158,175,182
San Marino,,,,,,,,,,,,,,,,,,,,,,,,,,,,,,,0,,3.78,5.38,7.74,9.4,9.03,9.18,19.2,36.3,54.1,58,59.9,59.1,58.7,58.1,58,57.6,79.5,96.4,96.8,109,109,111,113,109,108,112,113,113,115,119,122
Somalia,0,,,,,0,,,,,0,,,,,0,0,0,0,0,0,0,0,0,0,0,0,0,0,0,0,0,0,0,0,0,0,0,0,0,0.917,0.937,1.06,2.05,4.94,4.78,5.1,5.4,5.48,5.46,5.39,14.7,18.5,40.3,41.3,42.4,46.5,47.9,49.7,51.5,53.5,51.8,50.3
Serbia,,,,,,,,,,,,,,,,,,,,,,,,,,,,,,,,,,,,,,,,,,,,,51.2,73.7,89.4,114,131,135,136,141,127,129,131,129,129,123,121,122,120,124,
South Sudan,,,,,,,,,,,,,,,,,,,,,,,,,,,,,,,,,,,,,,,,,,,,,,,,,,,15.4,17.6,21.5,25.7,25.6,25.9,24.4,26.2,18.4,21.3,12.7,30.5,30
Sao Tome and Principe,0,,,,,0,,,,,0,,,,,0,0,0,0,0,0,0,0,0,0,0,0,0,0,0,0,0,0,0,0,0,0,0,0,0,0,0,1.32,3.13,4.91,7.39,11.1,17.7,29.1,45.4,56.4,61.8,64.3,64.7,65.1,92,87,83.6,76.9,77.2,79.7,84.8,86.8
Suriname,0,,,,,0,,,,,0,,,,,0,0,0,0,0,0,0,0,0,0,0,0,0,0,0,0,0,0,0.255,0.324,0.388,0.544,0.499,1.3,3.72,8.57,17.9,21.9,33.5,41.7,45.1,61.3,72,123,141,95.4,96.6,102,154,163,130,139,135,127,136,148,148,150
Slovak Republic,0,,,,,0,,,,,0,,,,,0,0,0,0,0,0,0,0,0,0,0,0,0,0,0,0,0.00225,0.029,0.0587,0.111,0.23,0.535,3.73,8.66,12.4,23.1,39.9,54.4,68.5,79.5,84.5,91,113,103,102,110,111,113,115,118,123,129,131,133,136,134,135,132
Slovenia,0,,,,,0,,,,,0,,,,,0,0,0,0,0,0,0,0,0,0,0,0,0,0,0,0,0.0263,0.176,0.326,0.82,1.37,2.07,4.7,8.13,31.8,61.3,74.2,84,87.4,92.6,87.8,90.4,95.3,101,103,103,105,108,110,112,113,114,116,117,119,120,123,126
Sweden,0,,,,,0,,,,,0,,,,,0,0,0,0,0,0,0.245,0.327,0.434,0.692,0.87,1.34,2.05,2.87,4.1,5.4,6.61,7.59,8.92,15.8,22.9,28.4,36,46.5,57.9,71.8,80.7,89.1,98.2,97.6,101,106,110,109,112,117,121,124,125,126,128,126,124,124,126,123,124,125
Eswatini,0,,,,,0,,,,,0,,,,,0,0,0,0,0,0,0,0,0,0,0,0,0,0,0,0,0,0,0,0,0,0,0,0.468,1.37,3.2,5.28,6.47,8.03,13.6,18.7,23.2,35.1,48.8,60.7,66,69.3,72.4,79.9,81.4,83,87.1,89.2,89.9,91.9,106,120,122
Sint Maarten (Dutch part),,,,,,,,,,,,,,,,,,,,,,,,,,,,,,,,,,,,,,,,,,,,,,,,,,,,,196,,,,,,,,,,
Seychelles,0,,,,,0,,,,,0,,,,,0,0,0,0,0,0,0,0,0,0,0,0,0,0,0,0,0,0,0,0,0.0669,1.38,2.94,6.68,20.7,32.4,45.1,54.3,58.9,64.2,68.5,80.8,87.5,104,122,127,135,143,141,154,149,151,164,174,186,174,173,192
Syria,0,,,,,0,,,,,0,,,,,0,0,0,0,0,0,0,0,0,0,0,0,0,0,0,0,0,0,0,0,0,0,0,0,0.0252,0.184,1.2,2.33,6.73,13,15.9,24.1,30.1,32.9,45.9,52.4,56.8,57.4,57.2,69.9,74.5,70.4,81,88.6,88.2,80.2,79.7,
Turks and Caicos Islands,0,,,,,0,,,,,0,,,,,0,0,0,0,0,0,0,0,0,0,0,0,0,0,0,0,0,0,0,0,0,0,,,,,,43.9,89.1,110,,,,,,,,,,,,,,,,,,
Chad,0,,,,,0,,,,,0,,,,,0,0,0,0,0,0,0,0,0,0,0,0,0,0,0,0,0,0,0,0,0,0,0,0,0,0.0666,0.258,0.387,0.707,1.28,2.1,4.5,8.56,14.4,19.8,24.2,29.8,34.5,34.5,38.3,38.7,38.3,42.2,44.8,47.5,52.2,60.2,68.2
Togo,0,,,,,0,,,,,0,,,,,0,0,0,0,0,0,0,0,0,0,0,0,0,0,0,0,0,0,0,0,0,0,0.0652,0.159,0.349,0.998,1.85,3.13,4.49,5.98,7.59,12.1,19.7,24.9,34.2,39.6,39.9,47.8,60,62,65,71.9,77.3,76.4,75.7,77.2,72.4,74.2
Thailand,0,,,,,0,,,,,0,,,,,0,0,0,0,0,0,0,0,0,0,0,0.00159,0.0112,0.0329,0.0735,0.114,0.22,0.44,0.716,1.26,2.18,3.06,3.61,3.2,3.75,4.85,11.9,27.2,33.4,41.3,46.3,60.5,79.3,91.8,97.3,105,113,123,135,139,146,169,171,176,182,163,169,176
Tajikistan,0,,,,,0,,,,,0,,,,,0,0,0,0,0,0,0,0,0,0,0,0,0,0,0,0,0,0,0,0,0,0.00169,0.00523,0.00682,0.0101,0.0185,0.0254,0.202,0.714,1.98,3.82,30.5,29.7,50.2,65.6,77.9,81.2,82,92.6,96.1,99.6,108,111,110,118,121,119,
Turkmenistan,0,,,,,0,,,,,0,,,,,0,0,0,0,0,0,0,0,0,0,0,0,0,0,0,0,0,0,0,0,0,0,0.0573,0.0677,0.0889,0.164,0.176,0.174,0.193,1.04,2.15,4.38,7.6,22.3,41.2,60.7,98.9,108,110,127,136,146,157,96.3,97.5,98.6,98.6,
Timor-Leste,,,,,,,,,,,,,,,,,,,,,,,,,,,,,,,0,,,,,,,,,,,,,2.16,2.72,3.41,4.94,7.67,12,32.9,43.5,55.2,54.6,56,116,114,122,125,116,111,106,105,110
Tonga,0,,,,,0,,,,,0,,,,,0,0,0,0,0,0,0,0,0,0,0,0,0,0,0,0,0,0,0,0,0.3,0.301,0.119,0.128,0.137,0.175,0.229,3.23,10.7,15.6,28.3,28.3,43.6,47.2,49.5,50.6,51.1,52.1,53.7,63.8,69.3,75.7,102,103,59.2,58.9,60.7,
Trinidad and Tobago,0,,,,,0,,,,,0,,,,,0,0,0,0,0,0,0,0,0,0,0,0,0,0,0,0,0.0334,0.0993,0.13,0.2,0.486,0.726,1.3,1.99,2.91,12.1,19.1,19.5,24.8,47.8,67.5,110,109,130,132,134,129,132,135,137,145,147,137,131,142,131,131,131
Tunisia,0,,,,,0,,,,,0,,,,,0,0,0,0,0,0,0,0,0,0,,,0.00284,0.00497,0.0077,0.0113,0.0144,0.0224,0.0253,0.0296,0.0343,0.0689,0.0801,0.403,0.565,1.2,3.89,5.69,18.8,36.3,54.7,70,74.1,80.5,90.8,102,112,115,112,125,126,122,121,124,123,122,128,129
Turkey,0,,,,,0,,,,,0,,,,,0,0,0,0,0,0,0,0,0,0,0,0.00073,0.00995,0.0188,0.0293,0.0585,0.0865,0.109,0.147,0.3,0.737,1.34,2.63,5.63,12.9,25.2,30.1,35.3,41.7,51.2,63.5,75.7,87.9,92.3,86.9,84.4,88.1,89.9,91,92,92.5,92.6,94.8,96.8,96.8,97.6,102,106
Tuvalu,0,,,,,0,,,,,0,,,,,0,0,0,0,0,0,0,0,0,0,0,0,0,0,0,0,0,0,0,0,0,0,0,0,0,0,0,0,0,5.11,13.1,16,17.7,,9.61,15.2,19.9,25.8,31.1,34.9,60.7,70,73.9,78.2,82.1,81.3,80.3,
Tanzania,0,,,,,0,,,,,0,,,,,0,0,0,0,0,0,0,0,0,0,0,0,0,0,0,0,0,0,0,0.00125,0.0115,0.029,0.0635,0.116,0.152,0.321,0.778,1.67,3.48,5.06,7.52,13.8,19.8,30.3,39.7,46.5,55.3,57,55.7,62.7,75.5,73.6,71,74.9,79.6,83,85,91.9
Uganda,0,,,,,0,,,,,0,,,,,0,0,0,0,0,0,0,0,0,0,0,0,0,0,0,0,0,0,0,0,0.00845,0.0188,0.0229,0.133,0.242,0.528,1.14,1.54,2.95,4.29,4.71,6.98,14.2,28,29.9,39.7,50.1,47.7,51.2,56,54,58.9,62.2,58.9,59.1,62.4,65.7,70
Ukraine,0,,,,,0,,,,,0,,,,,0,0,0,0,0,0,0,0,0,0,0,0,0,0,0,0,0,0,0.00013,0.00978,0.0275,0.0593,0.114,0.232,0.439,1.68,4.6,7.7,13.7,29.1,64,105,119,121,119,118,122,131,138,144,142,133,131,128,131,129,135,
Uruguay,0,,,,,0,,,,,0,,,,,0,0,0,0,0,0,0,0,0,0,0,0,0,0,0,0,0,0.0543,0.157,0.214,1.24,2.44,3.06,4.64,9.73,12.5,15.8,15.5,15,18.1,34.8,70.1,90.3,105,123,132,142,148,156,162,152,150,149,130,132,133,137,139
USA,0,,,,,0,,,,,0,,,,,0,0,0,0,0,0,,,,0.0394,0.145,0.287,0.513,0.854,1.43,2.13,3,4.32,6.19,9.2,12.7,16.4,20.3,25.1,30.8,38.8,45,49.2,55.2,62.9,68.6,76.6,82.3,85.5,88.9,91.6,94.8,96.3,97.3,100,102,103,103,105,106,105,107,110
Uzbekistan,0,,,,,0,,,,,0,,,,,0,0,0,0,0,0,0,0,0,0,0,0,0,0,0,0,0,0,0.00226,0.004,0.0162,0.0405,0.0722,0.111,0.164,0.213,0.507,0.731,1.24,2.07,2.71,9.4,20.8,44.6,58.3,73.2,87.6,68.7,71.8,71.1,70.4,74,76,71.6,101,99.6,103,103
St. Vincent and the Grenadines,0,,,,,0,,,,,0,,,,,0,0,0,0,0,0,0,0,0,0,0,0,0,0,0,0,,0.0618,0.0731,0.132,0.188,0.245,0.303,0.657,1.25,2.07,6.59,8.8,55.6,63.9,63,78.6,99.7,118,110,121,121,117,117,108,106,106,110,107,91.9,95.9,94.2,100
Venezuela,0,,,,,0,,,,,0,,,,,0,0,0,0,0,0,0,0,0,0,0,0,0,0.00957,0.0191,0.0376,0.0821,0.38,0.862,1.47,1.83,2.58,4.65,8.55,15.8,22.3,26,25.8,27.2,32.1,46.9,69.3,86.5,98.1,99.3,97.1,98.9,104,104,101,95.3,89.8,80.1,69.5,63.8,58.1,60.3,63.4
British Virgin Islands,0,,,,,0,,,,,0,,,,,0,0,0,0,0,0,0,0,0,0,0,,,,,0,,,,,,6.62,,,,,,37.6,,,,,82.2,88.1,174,172,167,171,186,189,195,133,147,132,129,114,121,
Virgin Islands (U.S.),0,,,,,0,,,,,0,,,,,0,0,0,0,0,0,0,0,0,0,0,0,0,0,0,0,,,,,,,15.1,23.4,27.8,32.4,38,41.9,46,60.1,75.4,,,,,,,,,,,,,,79.3,79.6,79.9,
Vietnam,0,,,,,0,,,,,0,,,,,0,0,0,0,0,0,0,0,0,0,0,0,0,0,0,0,0,0.00115,0.0057,0.0172,0.0319,0.092,0.211,0.289,0.421,0.998,1.57,2.36,3.37,6.03,11.5,22.5,53.1,87.5,114,128,144,147,137,149,131,130,128,148,142,144,139,140
Vanuatu,0,,,,,0,,,,,0,,,,,0,0,0,0,0,0,0,0,0,0,0,0,0,0,0,0,0,0,0,0.0384,0.0709,0.0881,0.116,0.12,0.16,0.19,0.178,2.42,3.76,4.94,5.83,6.73,11.4,15.4,54.9,69.2,54.5,56.8,48.3,57.8,63.2,77.2,78.6,84.6,87.1,79,78.3,78.2
Samoa,0,,,,,0,,,,,0,,,,,0,0,0,0,0,0,0,0,0,0,0,0,0,0,0,0,0,0,0,0,0,0,0.429,0.82,1.33,1.36,1.35,1.45,5.6,8.51,12.7,24,45.1,,,46.2,,50.6,50,52.8,59.2,73.5,59.8,47.7,39.6,32.1,31.5,60.4
Yemen,0,,,,,0,,,,,0,,,,,0,0,0,0,0,0,0,0,0,0,0,0,0,0,0,0,0,0.0107,0.0345,0.0527,0.0512,0.053,0.0716,0.0917,0.153,0.172,0.772,2.48,3.34,7.12,10.7,13.6,19.2,27.6,34.6,44.8,45.8,53,62.4,61.6,52.7,56.1,51.1,49.7,48.3,47,46,
South Africa,0,,,,,0,,,,,0,,,,,0,0,0,0,0,0,0,0,0,0,0,0,0,0,0.0103,0.0142,0.0174,0.03,0.0941,0.786,1.22,2.13,4.05,7.28,11.2,17.8,22.8,28.7,35,42.9,69.3,80.1,84.6,89,90.7,97.3,122,129,143,145,157,146,156,161,167,163,169,167
Zambia,0,,,,,0,,,,,0,,,,,0,0,0,0,0,0,0,0,0,0,0,0,0,0,0,0,0,0,0,0,0.0178,0.0306,0.0498,0.0881,0.293,0.999,1.19,1.32,2.22,4.15,8.21,13.9,21.3,27.5,33.1,39.5,57.2,71.4,68.2,64.3,71.1,71.7,77.7,86.7,93.7,101,104,99.1
Zimbabwe,0,,,,,0,,,,,0,,,,,0,0,0,0,0,0,0,0,0,0,0,0,0,0,0,0,0,0,0,0,0,0,0.0505,0.165,1.49,2.25,2.64,2.83,3.01,3.5,5.29,6.89,9.84,13.2,31.5,60,70.6,95.1,101,85.2,90.1,89.1,95.5,85.8,85.9,84.2,89.1,87.6
