country,1951,1952,1953,1954,1955,1956,1957,1958,1959,1960,1961,1962,1963,1964,1965,1966,1967,1968,1969,1970,1971,1972,1973,1974,1975,1976,1977,1978,1979,1980,1981,1982,1983,1984,1985,1986,1987,1988,1989,1990,1991,1992,1993,1994,1995,1996,1997,1998,1999,2000,2001,2002,2003,2004,2005,2006,2007,2008,2009,2010,2011,2012,2013,2014,2015,2016,2017,2018,2019,2020,2021,2022,2023
Afghanistan,,,,,,,,,,,,,,,,,,,,,,,,,,,,,500k,1.73M,3.88M,4.49M,4.71M,4.42M,4.65M,5.09M,5.51M,5.62M,5.64M,6.34M,6.31M,4.55M,3.37M,2.73M,2.68M,2.67M,2.68M,2.67M,2.6M,3.59M,3.81M,2.51M,2.14M,2.41M,2.17M,2.11M,3.06M,2.83M,2.89M,3.05M,2.66M,2.59M,2.56M,2.6M,2.67M,2.5M,2.62M,2.68M,2.73M,2.59M,2.71M,5.66M,6.11M
Angola,,,,,,,,,,150k,150k,170k,175k,200k,220k,304k,356k,381k,408k,414k,420k,422k,427k,497k,502k,499k,530k,646k,653k,449k,457k,466k,298k,358k,317k,355k,392k,408k,409k,408k,382k,300k,324k,283k,247k,250k,268k,319k,353k,434k,471k,435k,330k,229k,216k,206k,186k,171k,141k,135k,129k,19.3k,10.3k,9470,11.9k,8390,8290,8240,8180,8200,11.4k,12k,12.5k
Albania,,,,,,,,,,,,,,100,4860,4860,4260,4120,4290,4310,390,2300,2090,380,380,0,2000,1980,1610,1680,1680,1650,1610,1580,1590,90,129,358,367,1820,3540,4360,4750,5020,5800,5780,5380,5350,6290,6800,7630,10.8k,10.4k,10.5k,12.7k,14.1k,15.3k,15k,15.7k,14.8k,13.6k,12.6k,10.1k,10.2k,10.4k,11.1k,12.2k,13.5k,15k,15.5k,19.8k,20.9k,21.8k
Andorra,,,,,,,,,,,,,,,,,,,,,,,,,,,,,,,,,,,,,,,,,,,,,,,,,,,0,9,7,0,10,10,10,5,5,5,5,6,5,5,5,0,0,0,0,0,0,5,0
UAE,,,,,,,,,,,,,,,,,,0,0,0,0,0,0,0,0,0,0,0,0,0,0,0,0,0,0,0,0,0,0,0,0,0,0,0,0,0,0,5,5,17,18,29,16,69,31,260,305,255,411,418,484,580,84,84,91,103,137,169,155,181,160,199,209
Argentina,,,,,,,,,,,,,,,,,,,0,0,0,0,0,0,0,0,0,0,0,38,38,1020,42,42,51,52,47,46,103,332,196,111,97,467,330,218,157,140,585,608,660,764,777,789,850,888,1160,1040,604,553,506,435,381,311,186,120,121,112,99,99,124,194,268
Armenia,,,,,,,,,,,,,,170,0,0,0,200,200,200,4070,3500,0,0,0,0,440,420,700,333,333,733,333,333,333,528,208,300,0,0,0,195k,200k,202k,201k,203k,204k,193k,193k,5790,7210,13.2k,13.2k,13.4k,14k,14.9k,15.4k,16.3k,18k,17.6k,16.5k,15.9k,12k,11.8k,11.2k,10.7k,10.8k,11k,11k,10.3k,12.3k,14.9k,15.6k
Antigua and Barbuda,,,,,,,,,,,,,,,,,,,,,,,,,,,,,,,,,,,,,,,,,,,,,,,,,,0,5,5,5,13,13,18,24,25,27,28,32,45,50,53,56,82,99,107,117,108,105,58,55
Australia,0,0,0,0,0,0,0,0,0,0,0,0,0,0,0,0,0,0,0,0,0,0,0,0,0,0,0,0,0,0,0,0,0,0,0,0,0,0,0,0,0,0,0,0,0,0,0,0,0,0,0,9,12,11,41,29,57,37,23,38,38,47,27,27,21,15,10,10,20,20,16,36,29
Austria,0,0,0,0,0,0,0,0,0,0,0,0,0,0,0,0,0,0,0,0,0,0,0,0,0,0,0,0,0,0,0,0,0,0,0,0,0,0,0,0,0,0,0,60,49,53,54,63,47,33,27,72,68,44,62,30,19,15,15,10,10,15,5,5,0,0,10,24,18,18,23,41,28
Azerbaijan,,,,,,,,,,,,,,,,,,,,,,,,,,,,,,,,,,,,,,,,,,300k,328k,299k,201k,236k,235k,330k,311k,284k,269k,260k,253k,251k,234k,126k,15.9k,16.3k,16.9k,16.8k,16.2k,15.5k,10.8k,10.5k,9710,10.1k,10.9k,11.2k,11.6k,101k,39.5k,42.1k,43.3k
Burundi,,,,,,,,,,,0,0,0,0,3000,250,0,0,0,0,0,129k,132k,121k,142k,152k,154k,148k,152k,170k,183k,176k,177k,183k,200k,211k,187k,190k,191k,192k,224k,184k,871k,390k,351k,429k,519k,503k,527k,568k,554k,575k,532k,486k,439k,397k,376k,282k,94.2k,84.1k,101k,73.4k,72.6k,72.5k,293k,408k,439k,388k,381k,373k,324k,321k,323k
Belgium,0,0,0,0,0,0,0,0,0,0,0,0,0,0,0,0,0,0,0,0,0,0,0,0,0,0,0,0,0,0,0,0,0,0,0,0,0,0,0,0,0,0,0,0,5,5,9,14,15,20,11,21,40,41,95,63,53,58,66,80,88,91,76,76,66,44,52,50,34,28,29,28,12
Benin,,,,,,,,,,,,,,,,,,,0,0,0,0,0,0,0,100,0,200,200,0,0,0,0,0,0,50,50,50,60,0,0,0,62,72,50,42,41,45,44,47,52,228,274,299,402,207,265,315,409,438,460,451,294,330,400,479,572,659,721,606,730,811,862
Burkina Faso,,,,,,,,,,,,,,,,,,,,,,,,,,,,,,,,,0,50,90,110,50,0,0,0,6,61,61,69,60,64,112,100,101,124,90,970,852,575,602,373,557,719,983,1140,1260,1460,1580,1850,2150,2350,2690,11.4k,11.7k,15.7k,20.2k,29.9k,43.1k
Bangladesh,,,,,,,,,,,,,,,,,,,,,,,,,,,,0,0,0,0,0,0,0,0,0,0,5,5,477,613,53.9k,57.2k,56.2k,57k,58k,44.4k,4660,4470,5400,5540,5800,5560,5730,7300,7800,10.2k,10.1k,10.4k,10k,10k,10.2k,9720,10.9k,12.2k,13.8k,16.8k,21k,22.8k,18.9k,22.7k,23.9k,25.3k
Bulgaria,,,,,,,,,,,,,,,,,,,90,320,340,340,340,300,300,0,0,290,0,329,274,257,227,183,190,160,138,898,869,1920,2730,2980,3160,4690,4160,3250,3050,3120,2650,2400,2120,2840,2570,2230,4250,3430,3310,3040,2740,2560,2320,2140,1880,1640,1260,799,716,620,566,510,455,790,395
Bahrain,,,,,,,,,,,,,,,,,,,,,,,,0,0,0,0,0,0,0,0,0,0,0,0,0,0,0,0,39,52,53,59,74,70,64,82,94,124,92,46,49,50,52,40,56,65,72,72,81,213,294,274,344,422,461,497,540,557,534,416,312,336
Bahamas,,,,,,,,,,,,,,,,,,,,,,,,,,,,,,,,,,,,,,,,,,0,0,0,0,0,0,0,0,0,0,0,0,0,0,12,14,11,12,17,184,195,208,216,216,298,378,421,501,534,736,781,945
Bosnia and Herzegovina,,,,,,,,,,,,,,,,,,,,,,,,,,,,,,,,,,,,,,,,,,438k,618k,776k,770k,994k,849k,640k,598k,505k,447k,406k,300k,229k,110k,200k,78.3k,74.4k,70k,63k,58.6k,51.8k,26.8k,21.9k,18.8k,18.2k,17.7k,17k,16.6k,15.6k,18.2k,19.5k,19.3k
Belarus,,,,,,,,,,,,,,,,,,,,,,,,,,,,,,,,,,,,,,,,,,,,37,84,499,300,292,1510,2520,3690,6370,7820,8230,8850,9370,4960,5380,5520,5740,5920,6180,4390,4300,4120,3830,3650,3530,3430,3140,4630,11.6k,13.6k
Belize,,,,,,,,,,,,,,,,,,,,,,,,,,,,,,0,0,0,0,0,0,0,0,0,0,0,0,0,0,8,8,5,0,0,11,12,0,0,9,6,5,13,13,18,16,21,29,35,37,42,48,58,64,68,73,68,81,65,65
Bolivia,,,,,,,,,,,,,,,,,,,,1400,2930,1730,0,1650,90,60,0,0,0,170,100,270,0,0,0,0,0,0,26,729,67,28,40,177,180,177,163,187,176,177,157,215,260,280,263,371,423,455,570,589,615,616,594,594,566,530,520,502,514,535,549,578,564
Brazil,,,,,,,,,,,,,,,,,,,0,0,2000,2000,0,0,0,0,0,0,0,5,5,5,5,5,5,5,0,0,6,15,11,11,9,41,52,84,103,134,194,220,251,438,377,401,370,703,1620,1400,973,991,1040,1070,982,977,893,803,851,1040,1400,1550,1950,2740,3250
Barbados,,,,,,,,,,,,,,,,,,,,,,,,,,,,,,,,,,,,,,,,,,,,5,0,0,0,0,0,5,6,6,8,10,8,28,39,33,28,29,42,50,63,82,95,144,172,211,243,230,265,231,280
Brunei,,,,,,,,,,,,,,,,,,,,,,,,,,,,,,,,,,,,,,,,,,,,,5,0,0,0,0,0,0,0,0,0,47,0,0,0,0,0,0,0,0,0,0,0,0,0,0,0,0,0,0
Bhutan,,,,,,,,,,,,,,,,0,0,0,0,0,0,0,0,0,0,0,0,0,0,0,0,0,0,0,0,0,0,0,0,0,9500,75.4k,85.3k,103k,105k,107k,109k,106k,108k,109k,111k,113k,104k,105k,107k,108k,111k,105k,89.1k,75.1k,58k,41.6k,31.6k,23.6k,17.7k,11.8k,7950,7100,6840,6740,6700,6690,6680
Botswana,,,,,,,,,,,,,,,,,,0,0,0,0,0,0,0,0,0,0,0,0,0,0,0,0,0,0,0,0,0,5,5,5,5,5,22,27,22,16,16,10,5,0,5,5,5,0,10,16,29,32,56,88,125,165,234,306,265,279,289,228,191,122,81,102
Central African Republic,,,,,,,,,,,,,,0,0,0,0,0,0,0,0,0,0,0,0,0,0,0,0,0,0,15k,0,0,0,230,160,170,310,100,320,325,309,264,241,240,139,168,190,135,28.7k,25.4k,35.4k,31.1k,42.9k,71.7k,98.1k,125k,160k,165k,163k,165k,253k,412k,471k,491k,546k,591k,610k,642k,738k,748k,751k
Canada,0,0,0,0,0,0,0,0,0,0,0,0,0,0,0,0,0,0,0,0,0,0,0,0,0,0,0,0,0,0,0,0,0,0,0,0,0,0,0,0,5,5,5,5,5,10,12,16,19,25,5,52,61,57,120,94,530,100,97,86,108,121,94,89,73,76,75,81,71,65,60,186,201
Switzerland,0,0,0,0,0,0,0,0,0,0,0,0,0,0,0,0,0,0,0,0,0,0,0,0,0,0,0,0,0,0,0,0,0,0,0,0,0,0,0,0,0,0,0,8,27,32,54,76,90,69,60,55,34,11,14,38,33,32,19,20,20,16,11,16,16,5,5,5,5,5,0,8,0
Chile,,,,,,,,,,,,,,,,,,,0,0,0,0,0,13.6k,15.3k,2670,3000,3130,3130,1510,1890,2480,1790,1550,2180,2430,1910,608,1200,14.5k,14k,14k,15.3k,15.5k,14.3k,12.8k,9780,7010,1540,858,834,1710,1550,1180,929,798,964,988,1310,1160,1180,1150,588,571,554,495,493,479,486,659,987,1500,1620
China,,,,,,,,,,,,,,1.2M,1.33M,1.33M,74k,70k,65k,66k,70k,75k,0,0,0,0,0,0,0,24,24,104,24,24,124,154,24,265,413,1430,2010,82.6k,112k,114k,105k,106k,107k,109k,112k,111k,117k,132k,132k,135k,124k,141k,149k,175k,181k,185k,190k,193k,195k,211k,213k,208k,208k,212k,213k,175k,170k,161k,162k
Cote d'Ivoire,,,,,,,,,,,,,,,,,,,0,0,0,0,0,0,0,0,0,0,0,0,0,0,0,0,0,0,0,0,0,0,15,37,41,102,203,272,355,531,561,771,856,23.7k,33.6k,23.6k,18.3k,26.3k,22.2k,22.2k,23.1k,41.7k,155k,101k,85.7k,72k,71.1k,46.8k,40k,38.3k,39.4k,37.5k,39.9k,25.1k,25.3k
Cameroon,,,,,,,,,,,,,,,,,,,,0,0,0,0,0,0,0,0,0,0,0,0,0,0,0,0,0,0,0,60,100,0,84,170,236,2020,2110,2250,1350,1650,2070,2730,5230,6220,7630,9100,10.4k,11.5k,13.9k,14.8k,15k,15.1k,13.4k,11.4k,10.7k,10.6k,10.3k,11k,45.1k,66.2k,78.5k,125k,147k,134k
"Congo, Dem. Rep.",,,,,,,,,,0,0,0,0,58.7k,47k,74.8k,78.2k,67.3k,54.5k,51.6k,43.5k,43.9k,43.4k,39.8k,39.4k,44.1k,265k,152k,70.5k,117k,119k,92.5k,102k,94.5k,86.4k,96.6k,69.4k,104k,101k,67.4k,65.8k,81.3k,74.8k,73.3k,89.7k,159k,174k,159k,256k,372k,392k,421k,453k,462k,431k,402k,370k,368k,456k,477k,491k,509k,500k,517k,541k,537k,621k,720k,803k,840k,908k,933k,948k
"Congo, Rep.",,,,,,,,,,,,,,,,,930,330,0,0,0,0,0,0,110,0,0,0,0,6,6,6,6,6,6,6,0,0,0,0,5,7,7,33,172,214,21.1k,17.1k,27.3k,27.6k,24.2k,28k,28.9k,28.1k,24.4k,20.6k,19.7k,19.9k,20.5k,20.7k,12.8k,12.1k,11.7k,14.5k,14.8k,13.3k,13.3k,13.4k,12.7k,12.6k,14.3k,13.3k,13.2k
Colombia,,,,,,,,,,,,,,,,,,,,0,0,0,0,0,0,0,0,0,0,0,50,100,0,0,60,50,50,35,65,493,738,841,1040,1360,1900,2170,2380,3540,4410,9280,17.9k,30.6k,38k,47.4k,60.4k,72.8k,552k,374k,390k,396k,396k,394k,397k,360k,340k,311k,192k,139k,189k,190k,116k,109k,111k
Comoros,,,,,,,,,,,,,,,,,,,,,,,,,,,,,,,,,,,,,,,5,5,0,0,0,5,10,10,5,27,27,25,25,40,62,52,64,73,93,376,268,365,420,449,509,580,550,572,600,624,658,748,1670,1900,2070
Cape Verde,,,,,,,,,,,,,,,,300,300,430,400,400,0,0,0,0,0,0,0,0,0,0,0,0,0,0,0,0,0,0,0,0,0,0,0,0,0,0,0,0,0,0,5,5,7,5,0,34,28,27,22,22,22,22,22,27,27,10,5,10,10,5,10,20,10
Costa Rica,,,,,,,,,,,,,,,,,,,,,,0,0,0,0,0,0,0,0,0,0,0,0,0,0,0,0,0,0,0,0,5,5,222,209,136,86,50,73,55,86,97,91,136,176,283,361,354,344,352,332,325,463,414,374,202,195,207,206,208,235,275,227
Cuba,,,,,,,,,,,,,,,,,,,14.5k,16.7k,54.5k,17.1k,0,1600,0,0,0,0,3560,1700,2710,655,925,1360,1880,686,836,3870,7680,13.5k,17.6k,21.3k,22.4k,23.3k,24.9k,25.5k,24.9k,23.6k,23.3k,20.1k,18.9k,18k,16.1k,15.7k,19k,33.6k,7500,7930,7540,7460,7850,7720,7450,7500,6830,5940,5330,5490,6630,8910,11.5k,14.7k,16k
Cyprus,,,,,,,,,,,,,,,,,,0,0,0,0,0,0,0,0,0,700,0,0,0,0,0,0,0,0,0,0,11,11,11,0,0,0,6,9,9,7,10,17,12,5,5,5,0,5,5,10,10,10,10,10,10,10,10,0,0,0,7,0,0,5,0,0
Czech Republic,,,,,,,,,,,,,,,,,,,,70,70,70,60,50,50,0,0,0,0,393,389,494,421,456,981,411,385,5650,5790,6120,4490,3330,5020,4650,2040,977,695,1930,1240,809,1180,6990,6700,4530,3590,2140,1380,1350,1060,811,758,620,984,1320,1280,1270,1270,1240,1170,1110,758,604,608
Germany,0,0,0,0,0,0,0,0,0,0,0,0,0,0,0,0,0,0,0,0,0,0,0,0,0,0,0,0,0,0,0,0,0,0,0,0,0,0,0,0,5,5,8,449,384,421,443,689,1300,1180,1030,924,719,74,75,114,126,162,167,159,169,174,164,170,153,67,66,61,69,71,59,162,148
Djibouti,,,,,,,,,,,,,,,,,,,,,,,,,,,0,0,0,0,0,0,0,0,0,0,0,0,0,5,10,10,36,18.1k,18.1k,18.1k,8140,3220,1880,1910,451,470,520,492,498,479,645,638,613,556,595,626,747,870,1060,1440,1760,2120,2350,2420,2610,1710,1790
Dominica,,,,,,,,,,,,,,,,,,,,,,,,,,,,,,,,,,,,,,,,,,,,,,,,,,0,5,6,17,24,30,49,58,56,51,51,49,52,41,35,35,20,26,36,50,55,54,57,63
Denmark,0,0,0,0,0,0,0,0,0,0,0,0,0,0,0,0,0,0,0,0,0,0,0,0,0,0,0,0,0,0,0,0,0,0,0,0,0,0,0,0,0,0,0,11,18,34,33,28,25,26,5,6,10,10,10,10,15,10,10,6,6,6,6,11,11,0,0,0,5,5,8,0,0
Dominican Republic,,,,,,,,,,,,,,,,,,,,0,0,0,0,0,0,0,0,50,0,0,0,0,0,0,0,0,0,0,0,0,0,0,0,30,30,29,50,42,45,48,45,82,89,93,62,141,352,313,222,238,239,280,298,348,382,359,427,472,546,550,635,719,804
Algeria,,,,,,,,,,,,,,,,,,,,0,0,0,0,0,0,0,0,0,0,0,5,5,5,5,5,0,0,5,5,18,55,69,84,20.7k,1520,2250,3410,5720,7140,8020,8400,12.1k,11.7k,10.7k,12k,8340,10.6k,9040,8170,6670,6090,5660,3640,3510,3470,3710,4020,4180,4510,4570,6000,7730,7790
Ecuador,,,,,,,,,,,,,,,,,,,,,,0,0,0,0,0,0,0,0,0,0,0,0,0,0,0,0,0,0,5,27,38,48,174,203,216,215,507,492,669,649,815,720,718,772,878,1330,1060,1030,859,912,848,711,807,1010,1040,1250,1420,1640,1690,1830,3210,3770
Egypt,,,,,,,,,,,,,,0,0,0,0,0,0,0,0,0,0,0,0,0,0,50,0,0,5,5,6,6,7,8,8,14,13,50,98,210,257,501,870,1200,1720,2610,3490,3950,4680,6440,5730,5360,6290,7610,6790,6780,6980,6900,7920,10k,12.8k,15.9k,17.9k,19.8k,22.1k,24.9k,27.4k,26.6k,27.5k,24.4k,24.7k
Eritrea,,,,,,,,,,,,,,,,,,,,,,,,,,,,,400,542,1540,1590,1390,1390,1390,177,167,133,43,43,501k,503k,427k,422k,287k,332k,319k,347k,347k,377k,333k,318k,124k,131k,144k,194k,209k,186k,209k,222k,252k,285k,308k,363k,407k,457k,486k,507k,504k,525k,512k,513k,537k
Western Sahara,,,,,,,,,,,,,,,,,,,,,,,,,20k,35k,50k,50k,50k,50k,165k,165k,165k,165k,165k,165k,165k,165k,167k,165k,165k,165k,165k,166k,165k,166k,166k,166k,166k,166k,166k,166k,166k,166k,90.7k,90.6k,117k,117k,116k,116k,116k,116k,117k,116k,117k,117k,117k,117k,117k,117k,117k,91k,91k
Spain,0,0,0,0,0,0,0,0,0,0,0,0,0,0,0,0,0,0,0,680,670,650,390,210,140,510,0,0,0,5,5,50,600,60,60,0,60,0,0,0,0,0,0,42,36,217,214,57,49,75,45,58,51,53,49,2440,37,26,34,41,42,55,56,60,60,34,39,46,51,52,55,62,62
Estonia,,,,,,,,,,,,,,,,,,,,,,,,,,,,,,,,,,,,,,,,,,59,95,296,350,1310,1270,792,634,460,483,1060,1020,849,738,622,258,248,249,242,225,455,349,340,315,303,288,281,274,277,271,45,62
Ethiopia,,,,,,,,,,,,,,,,,28.6k,31k,31k,54.4k,55.2k,44.6k,46.3k,49.2k,91.4k,106k,655k,888k,1.62M,2.57M,1.36M,1.33M,1.35M,1.55M,1.75M,1.53M,1.49M,1.51M,1.47M,1.35M,251k,313k,252k,226k,101k,96.3k,84.4k,70.7k,71k,66.4k,59k,61.2k,62.7k,63.2k,65.4k,74k,59.8k,63.9k,62.9k,68.8k,70.6k,75k,77.1k,86.9k,85.8k,84k,87.4k,92.2k,93.5k,151k,149k,150k,145k
Finland,,,,,,,,,,,,,,,,,,,,,,,,,,,,,,,,,,0,0,0,0,0,0,0,0,0,0,0,0,0,0,5,5,5,0,8,6,0,5,10,5,0,6,6,6,5,5,5,10,5,5,5,0,0,5,0,0
Fiji,,,,,,,,,,,,,,,,,,,,,,,,,,,,,,,,,,,,,,,,,,19,89,156,222,305,326,301,328,401,731,1070,1090,1280,1380,1680,1820,1860,1890,1850,1580,1310,1110,927,887,791,734,675,591,516,414,336,332
France,0,0,0,0,0,0,0,0,0,0,0,0,0,0,0,0,0,0,0,0,0,0,0,0,0,0,0,0,0,0,0,0,0,0,0,0,0,0,0,0,0,0,0,20,14,46,60,62,60,74,41,92,110,112,286,79,99,97,80,90,92,94,92,84,90,50,54,59,50,49,38,65,55
"Micronesia, Fed. Sts.",,,,,,,,,,,,,,,,,,,,,,,,,,,,,,,,,,,,,,,,,,,,,,,,,,,,0,0,0,0,0,0,0,0,0,0,0,0,0,0,0,0,0,0,0,0,0,
Gabon,,,,,,,,,,,,,,,,,,,0,0,0,0,0,0,0,0,0,0,0,0,0,0,0,0,0,0,0,0,0,0,0,17,17,22,27,22,17,27,27,27,24,34,37,50,78,96,116,132,145,167,180,189,180,179,174,167,216,342,440,454,620,772,825
UK,0,0,0,0,0,0,0,0,0,0,0,0,0,0,0,0,0,0,0,0,0,0,0,0,0,0,0,0,0,0,0,0,0,0,0,0,0,0,0,0,0,0,0,106,75,69,75,88,102,109,104,158,146,141,134,170,198,182,155,152,150,150,140,137,128,78,85,84,69,62,101,237,227
Georgia,,,,,,,,,,,,,,,,,,,,,,,,,,,,,,,,,,,,,,,,,,,6010,5110,305,48.5k,47.2k,35.7k,29.9k,21.8k,17.5k,17k,12.5k,6620,7290,6340,11.8k,12.6k,15k,10.6k,10.1k,9270,6790,6690,6510,6410,6540,6980,7520,7350,9750,13.4k,14.4k
Ghana,,,,,,,,,,,5000,5000,5000,5000,5000,0,0,0,0,0,0,0,0,0,0,0,0,0,0,0,0,310,1960,2200,3200,2700,3920,4770,4720,4690,4700,4780,4470,14.3k,13.6k,15.1k,14.8k,13.6k,13.3k,14.8k,14.5k,15.7k,15.9k,14.8k,18.4k,9950,5040,13.2k,14.9k,20.2k,20.3k,24.3k,21k,22.1k,23k,15.5k,17k,18.1k,18.4k,13.8k,14.3k,14.9k,14.7k
Guinea,,,,,,,,,,,,,,,,,,,,,300,0,0,0,300k,500k,3000,0,0,0,0,50,0,70,0,50,50,50,50,0,0,16,27,101,441,520,641,911,1150,1490,2010,3420,3870,4780,5820,6830,8270,9480,10.9k,12k,13.2k,14.1k,14.6k,15.2k,17k,17.5k,20.3k,23.5k,26.9k,26.8k,34.4k,35.2k,38.1k
Gambia,,,,,,,,,,,,,,,,,,,,,,,,,,,,,,,,,,,,,,,,5,16,25,27,24,156,308,421,574,678,751,732,858,744,684,1680,1250,1260,1340,1970,2230,2570,3060,3380,5120,8470,11.6k,14.6k,17.2k,17.8k,10.6k,11k,10.7k,11k
Guinea-Bissau,,,,,,,,,,,,,6000,30k,50k,61k,59.5k,56.7k,67.8k,66.7k,80k,82k,84k,90k,46k,37k,5000,5000,5000,5000,4000,5000,5000,5010,5350,5360,5000,5000,5000,5000,5010,5010,5010,5010,830,854,865,8890,3190,880,917,978,969,1010,1040,1000,1020,1050,1100,1120,1120,1170,1220,1310,1470,1650,1870,2040,2090,1640,2040,2040,2110
Equatorial Guinea,,,,,,,,,,,,,,,,,,0,0,0,0,0,0,1000,90k,90k,120k,90k,40k,38k,18k,18k,0,0,0,0,0,0,0,0,60,115,214,340,342,398,474,419,422,504,526,549,584,540,478,460,402,381,341,306,261,230,196,168,142,131,127,140,156,145,168,361,383
Greece,0,0,0,0,0,0,0,0,0,0,0,0,0,0,17.7k,7090,23.4k,21.8k,21.6k,21.3k,1480,6610,5900,580,510,450,410,380,360,340,320,300,280,260,0,0,0,6,6,16,6,0,0,93,221,247,175,173,163,124,93,296,268,221,333,93,92,67,61,52,54,48,88,108,111,101,106,107,95,90,87,125,119
Grenada,,,,,,,,,,,,,,,,,,,,,,,,,,,,,,,,,,,,,,9,5,5,5,0,0,5,6,10,11,19,35,23,53,73,76,98,151,199,293,310,332,344,325,316,330,324,270,100,103,96,80,70,52,51,54
Guatemala,,,,,,,,,,,,,,,,,,,,,,0,0,0,0,0,0,0,0,750,1910,36.5k,41.8k,47.9k,52.9k,52.8k,53.7k,53.8k,45.4k,48k,52.6k,53.9k,50.3k,49.6k,42.9k,40.3k,37.5k,32.7k,28.1k,20.7k,16.9k,13.9k,6700,4370,3380,6490,6160,5930,5760,5680,6090,6390,6620,7490,10.3k,12.5k,16.3k,19.1k,22.8k,24.5k,26.9k,30.3k,32.2k
Guyana,,,,,,,,,,,,,,,,,,,,,,0,0,0,0,0,0,0,0,0,0,0,0,0,0,0,0,0,0,0,0,0,0,69,59,54,37,38,47,35,36,50,75,191,405,535,676,707,724,746,768,800,800,700,508,269,260,283,284,267,285,250,248
"Hong Kong, China",0,0,0,0,0,0,0,0,0,0,0,0,0,0,0,0,0,0,0,0,0,0,0,0,0,0,0,0,0,0,0,0,0,0,0,0,0,0,0,0,0,0,0,257,202,102,47,39,17,10,5,0,6,7,0,8,9,9,10,16,14,18,24,25,33,15,11,11,5,15,96,177,210
Honduras,,,,,,,,,,,,,,,,,,,,,,0,0,0,0,0,0,0,0,0,0,0,0,0,0,100,0,0,5,18,21,41,450,1210,1220,1260,1240,1100,1070,904,783,675,606,485,536,1040,1240,1120,1170,1300,1970,2610,3300,4160,6850,10.5k,14.4k,18.9k,26.4k,34.5k,51.7k,64.8k,72.3k
Holy See,,,,,,,,,,,,,,,,,,,,,,,,,,,,,,,,,,,,,,,,,,,,,,,,,,,,,,,,,0,0,0,0,0,0,0,0,0,0,0,0,0,0,0,0,
Croatia,,,,,,,,,,,,,,,,,,,,,,,,,,,,,,,,,,,,,,,,,,169k,152k,76.3k,246k,310k,349k,338k,354k,335k,290k,275k,230k,215k,119k,93.8k,100k,97k,76.5k,65.9k,62.7k,62.6k,49.8k,40.1k,33.5k,26.2k,24.9k,24.1k,23.8k,23.5k,18.1k,17.7k,17.6k
Haiti,,,,,,,,,,,,,,,,,,,,,,,,1000,0,0,0,300,3300,3800,5000,5000,5230,5440,6100,5120,5080,4700,3340,2090,1860,2480,3860,9800,13.9k,15.1k,15.5k,13.5k,8770,7560,7250,7720,7550,9210,13.5k,20.8k,22.3k,23.1k,24.1k,25.9k,33.7k,38.6k,38.6k,37.1k,34.8k,29.7k,28.4k,27.5k,26.7k,25.6k,29.5k,30.3k,116k
Hungary,,,,,,,,,,,,,,,3270,3270,3270,3270,3360,3490,220,210,170,150,140,50,0,120,0,763,744,728,607,430,435,381,329,3890,4360,5770,4730,3990,5010,4470,2350,3080,2670,1240,797,512,949,3520,3390,2750,3520,3120,3380,1610,1540,1440,1230,1090,1220,1260,1450,2910,3340,3930,4010,4620,4650,1950,1990
Indonesia,,,,,,,,,,,,,,,,,,,,,,,,,,,,1000,1000,1000,150,2200,1230,11k,11.8k,11.3k,9680,9300,7780,7170,6160,6830,7930,8730,9840,11.4k,8800,9050,9020,9150,8970,9910,16.2k,27.9k,34.4k,34.7k,20.5k,19.3k,18.2k,16.9k,16.1k,15.5k,14.8k,14.4k,13.9k,13.1k,12.5k,12.1k,12k,13k,14k,11.8k,11.8k
India,,,,,,,,,,,,,,0,0,0,0,0,0,0,0,0,0,0,0,0,0,0,0,0,0,0,0,0,0,0,0,10,13,197,406,1020,1490,3270,5010,7550,8920,9660,9850,11.4k,11.6k,14.3k,13.7k,13.3k,16.3k,17.8k,20.5k,19.6k,19.5k,17.8k,16.2k,14.2k,11k,10.4k,9880,7290,7930,9590,11.8k,12.4k,14.2k,20.8k,23.2k
Ireland,,,,,,,,,,,,,,,,,,,,,,,,,,,,,,,,,,0,0,0,0,0,0,0,0,0,0,5,0,0,0,0,0,5,5,5,6,5,23,5,9,7,7,7,7,7,7,7,5,0,0,0,0,0,5,13,6
Iran,,,,,,,,,,,,0,0,0,0,0,0,0,0,0,0,0,0,0,0,0,0,0,0,48,803,2480,5580,5240,88.2k,87.9k,11k,58.3k,52.8k,75.9k,130k,129k,116k,121k,112k,104k,94k,90k,86.8k,88.3k,92.5k,138k,123k,115k,99.4k,102k,68.4k,69.1k,72.8k,68.8k,72.4k,75.9k,75.1k,82.2k,85k,94.1k,119k,130k,129k,135k,143k,123k,147k
Iraq,,,,,,,,,,,,,,,,,,2700,2700,0,0,0,0,0,0,0,0,560,31k,31.1k,66.6k,104k,104k,102k,402k,401k,411k,508k,508k,1.13M,1.32M,1.34M,771k,750k,719k,715k,707k,675k,643k,526k,531k,423k,369k,312k,262k,1.45M,2.31M,1.9M,1.79M,1.68M,1.43M,746k,401k,370k,264k,316k,363k,372k,336k,333k,344k,287k,331k
Iceland,,,,,,,,,,,,,,,,,,,,,,,,,,,,,,,,,,,,,,,,0,0,0,0,0,0,5,5,5,5,5,0,13,11,8,10,32,10,10,5,5,0,0,0,0,0,0,5,5,5,5,5,0,0
Israel,,,,,,,,,,,,,,,,,,,,,,,,,,,,,,,,,,,,,,5,5,14,28,37,114,888,937,1120,988,832,473,414,361,561,626,669,624,876,1540,1490,1300,1290,1320,1330,1030,967,787,487,469,492,452,373,453,902,813
Italy,0,0,0,0,0,0,0,0,0,0,0,0,0,0,0,0,0,0,0,0,0,0,0,0,0,0,0,0,0,0,0,0,0,0,0,0,0,0,0,0,0,0,0,145,120,109,112,76,49,46,36,223,208,192,219,106,84,57,42,45,57,65,64,63,69,49,52,69,76,62,61,151,132
Jamaica,,,,,,,,,,,,,,,,,,,,,,,,,,,,,,,,,,,,,,,,,0,0,5,10,11,18,21,26,33,37,37,147,260,350,489,661,766,825,908,1060,1250,1400,1500,1680,1860,2000,2220,2450,2530,2530,2420,1860,1990
Jordan,,,,,,,,,,,,,,,,,,,,,0,0,0,0,0,0,0,0,0,0,0,0,0,5,105,5,5,7,14,56,114,183,239,440,511,707,720,897,970,915,773,1280,1150,1160,1780,1590,1780,1880,2110,2250,2240,2360,1620,1710,1840,1920,2120,2430,2310,2490,2980,3550,3890
Japan,,,,,,,,,,,,,,,,,,,,,,,,,,,0,0,0,0,0,0,0,0,0,0,0,0,0,0,0,0,0,7,5,0,0,0,0,5,5,14,17,19,10,166,519,183,148,149,176,173,154,257,140,53,44,42,39,40,39,64,51
Kazakhstan,,,,,,,,,,,,,,,,,,,,,,,,,,,,,,,,,,,,,,,,,,,0,24,137,40.2k,40.8k,20.5k,9060,2540,2800,6320,6560,6120,4320,7370,5230,4830,3740,3630,3500,3570,2110,2220,2260,2370,2410,2520,2760,2740,3200,3670,3750
Kenya,,,,,,,,,,,,,,,,,,,,0,0,0,0,0,90,0,1200,80,80,0,0,0,0,0,0,0,0,0,0,7,31,61,83,8770,9320,9390,9560,6040,6130,2370,2550,3090,3160,3840,4640,5360,7540,9680,9610,8590,8730,8950,8580,8550,7900,7530,7570,7480,7710,7420,7530,7600,7590
Kyrgyz Republic,,,,,,,,,,,,,,,,,,,,,,,,,,,,,,,,,,,,,,,,,,,0,13,20,17.1k,16.3k,7450,4000,747,687,2950,3140,3290,3130,2490,2260,2530,2610,2750,3160,3490,2300,2450,2500,2570,2770,2930,2960,2880,3040,3300,3330
Cambodia,,,,,,,,,,,,,,0,0,0,0,0,0,0,57k,55k,35k,0,18.8k,17.2k,76.7k,165k,51.1k,193k,135k,123k,91.1k,72.5k,67.5k,54.8k,48.6k,97.8k,75.7k,54.4k,43.2k,28.8k,9750,8540,61.2k,62.2k,103k,76.6k,38.3k,36.9k,34.8k,33.5k,31.4k,18.1k,17.8k,18k,17.7k,17.3k,17k,16.3k,15.2k,14k,13.7k,13.1k,12.8k,12.4k,12.2k,12.1k,12k,11.9k,12.1k,11.7k,11.7k
Kiribati,,,,,,,,,,,,,,,,,,,,,,,,,,,,,,,,,,,,,,,,,,,,,,,,,,,,,15,31,31,39,36,36,31,31,31,34,21,5,0,0,0,0,0,0,0,0,0
St. Kitts and Nevis,,,,,,,,,,,,,,,,,,,,,,,,,,,,,,,,,,,,,,,,,,,,,,,,,,0,0,0,0,0,31,0,0,0,0,10,7,10,12,20,25,49,51,58,57,54,47,22,22
South Korea,,,,,,,,,,,,,,,,,,,,,,,,,,,,0,0,0,0,0,0,0,0,0,0,0,0,0,5,5,5,17,29,40,50,63,72,69,83,244,236,269,266,1330,1180,1100,567,578,508,555,495,478,346,243,239,274,180,146,117,132,120
Kuwait,,,,,,,,,,,,,,,,,,,,,,,,,,,,,0,0,0,0,0,0,0,0,0,0,0,46,49,77,91,758,764,854,824,827,988,688,696,705,615,391,374,610,741,847,936,986,1110,1190,971,974,1080,1010,1100,1250,1300,1420,1700,1980,2030
Lao,,,,,,,,,,,,,,,,,,,,,,0,0,0,55.5k,62.7k,79k,119k,129k,105k,90k,80.6k,85k,86.7k,99.3k,91.2k,78.9k,136k,133k,136k,122k,96.2k,74.5k,54.9k,58.2k,46.9k,37.4k,29k,21.4k,16.1k,12.6k,11.2k,10.4k,16.1k,24.4k,26.4k,10k,8600,8400,8410,8090,7980,7740,7480,7360,7230,7060,6940,6760,6670,6780,6650,6640
Lebanon,,,,,,,,,,,,,,0,0,0,0,0,0,0,0,0,0,0,0,0,0,0,0,0,0,12.6k,27.3k,30.1k,33.1k,630,0,439,2200,6990,8500,10.3k,10.6k,15.6k,13.5k,10.9k,10.2k,9780,7680,10.2k,8750,26.3k,24.9k,19.9k,18.3k,12.2k,13.1k,13k,16.3k,15.9k,15k,15.1k,3810,4260,4350,4720,5300,5620,5650,5500,6060,6790,7470
Liberia,,,,,,,,,,,,,,,,,,,0,0,0,0,0,0,0,0,0,0,0,0,0,0,0,0,0,0,0,30,50,736k,673k,521k,704k,798k,745k,784k,493k,365k,295k,267k,245k,275k,353k,335k,231k,161k,91.5k,75.2k,71.6k,70.1k,66.8k,23.4k,17.5k,13.6k,9970,6560,6040,5510,5370,5200,5380,5160,4910
Libya,,,,,,,,,,,,,,,,,,,,,,,,,,,,,,205,226,259,275,291,327,304,250,659,653,579,841,687,595,669,622,271,266,432,563,603,877,1440,1550,1700,1560,1560,1940,2070,2190,2300,4370,5230,3300,4190,6080,8830,11.2k,13.9k,16k,17.5k,19.1k,17.8k,18.6k
St. Lucia,,,,,,,,,,,,,,,,,,,,,,,,,,,,,,,,,,,,,,,,,,,,,,,0,5,10,12,9,12,16,32,96,163,227,288,312,334,432,567,711,921,1010,993,995,1030,843,726,457,94,98
Liechtenstein,,,,,,,,,,,,,,,,,,,,,,,,,,,,,,,,,,,,,,,,,,,,,,,,,,0,0,0,0,0,0,0,0,0,0,0,0,0,0,0,0,0,0,0,0,0,5,5,5
Sri Lanka,,,,,,,,,,,,,,,,,,,,,,,,,,,,,,,,,,,160,315,219,3390,7690,208k,209k,128k,91.8k,114k,108k,110k,122k,115k,117k,124k,122k,133k,122k,114k,108k,117k,135k,138k,146k,141k,137k,133k,123k,122k,121k,117k,116k,114k,110k,143k,151k,148k,148k
Lesotho,,,,,,,,,,,,,,,,,,,,0,60,0,0,110,310,0,90,160,160,70,80,0,0,0,0,0,0,0,5,5,5,0,55,0,0,0,0,0,0,0,0,5,5,5,0,5,5,5,5,5,5,5,10,16,16,5,6,6,6,6,6,12,12
Lithuania,,,,,,,,,,,,,,,,,,,,,,,,,,,,,,,,,,,,,,,,5,5,10,15,63,107,659,650,276,251,155,210,1370,1540,1470,1440,936,461,486,496,508,523,487,217,182,143,74,73,66,61,58,54,77,57
Luxembourg,0,0,0,0,0,0,0,0,0,0,0,0,0,0,0,0,0,0,0,0,0,0,0,0,0,0,0,0,0,0,0,0,0,0,0,0,0,0,0,0,0,0,0,0,0,0,0,0,0,0,0,0,0,0,0,0,0,0,0,0,0,0,0,0,0,0,0,0,5,5,0,5,5
Latvia,,,,,,,,,,,,,,,,,,,,,,,,,,,,,,,,,,,,,,,,,,5,5,95,158,1960,1920,1010,903,484,610,3080,3170,2820,2430,1420,660,765,787,712,706,662,228,206,187,165,162,152,144,143,122,112,143
Morocco,0,0,0,0,0,0,0,0,0,0,0,0,0,0,0,0,0,0,0,0,0,0,0,0,0,0,0,0,0,0,0,0,0,0,0,0,0,5,5,14,46,92,105,179,300,302,309,351,373,394,357,1270,1290,1310,2910,4700,4040,3520,2280,2280,2310,2390,1290,1520,1760,2240,3090,3870,4640,4470,5390,10.4k,10.5k
Monaco,,,,,,,,,,,,,,,,,,,,,,,,,,,,,,,,,,,,,,,,,,,,,,,,,,,,,,,0,0,0,0,0,0,5,5,5,5,5,5,5,5,5,0,0,0,0
Moldova,,,,,,,,,,,,,,,,,,,,,,,,,,,,,,,,,,,,,,,,,,,5,455,524,5830,5140,2750,2410,2650,3730,10.1k,11.1k,11.9k,12.1k,11.7k,4910,5550,5930,6200,6260,6150,2210,2230,2290,2320,2340,2400,2430,2210,2190,4800,5610
Madagascar,,,,,,,,,,,,,,,,,,,,,,,,,,,,,,,,,,,,,,,,,,,,0,77,76,74,66,53,51,36,52,86,132,201,258,282,278,271,266,287,299,298,279,285,292,292,298,298,268,425,494,535
Maldives,,,,,,,,,,,,,,,,,,,,,,,,,,,,,,,,,,,,,,,,,,,,,,,,,,,,,,0,10,15,15,15,15,16,21,22,30,32,39,58,64,74,75,78,80,82,90
Mexico,,,,,,,,,,,,,,,,,,,,0,0,0,0,0,0,0,0,0,0,0,0,0,0,0,0,0,0,0,0,0,0,0,0,248,361,520,663,1010,1360,1290,1590,1670,1650,1740,2310,3300,5570,6160,6430,6810,7470,8440,9400,10.7k,11.3k,10.4k,11.7k,12.9k,14.6k,15.4k,16.4k,17.6k,18.9k
Marshall Islands,,,,,,,,,,,,,,,,,,,,,,,,,,,,,,,,,,,,,,,,,,,,,,,,,,,,,,,,,,,,,,,5,5,5,5,7,7,7,7,7,0,0
North Macedonia,,,,,,,,,,,,,,,,,,,,,,,,,,,,,,,,,,,,,,,,,,0,1900,346,12.9k,13k,12.7k,1930,2090,2180,12.2k,8100,5980,5110,8600,7940,8070,7510,7920,7880,7680,7580,1620,1750,1770,1730,1650,1720,1780,1580,1840,1860,1860
Mali,,,,,,,,,,,,,,,,,,,,,0,0,0,0,0,0,0,0,0,0,0,0,0,0,0,0,0,0,0,0,14.7k,71.2k,98.6k,173k,77.2k,55.2k,18k,3700,381,364,311,525,456,476,512,586,4490,1750,2930,3660,4290,150k,153k,139k,154k,156k,150k,158k,164k,165k,183k,226k,233k
Malta,,,,,,,,,,,,,,,,,,,,,,,,,,,,,,,,,,,,,,,,,,,0,7,13,18,14,15,23,17,7,7,6,0,0,25,10,10,10,5,5,5,5,0,0,0,0,5,5,5,7,0,0
Myanmar,,,,,,,,,,,,,,,,,,,,,,5700,0,0,0,0,0,160k,0,0,0,0,0,0,0,0,0,7,0,24,40.1k,245k,282k,205k,152k,143k,136k,133k,132k,137k,146k,148k,151k,161k,165k,203k,191k,184k,407k,416k,415k,415k,480k,479k,452k,490k,1.16M,1.15M,1.08M,1.1M,1.18M,1.25M,1.27M
Montenegro,,,,,,,,,,,,,,,,,,,,,,,,,,,,,,,,,,,,,,,,,,,,,,,,,,,,,,,,136,555,1280,2580,3240,3700,4050,542,601,646,713,704,715,659,530,623,612,613
Mongolia,,,,,,,,,,,,,,,,,,,,,,,,,,,,,,,,,,,,,,,,,,,,,,5,10,17,25,25,57,277,324,443,655,866,1100,1330,1490,1720,1980,2110,2050,2160,2200,2280,2230,2250,2360,2280,2510,2410,2420
Mozambique,,,,,,,,,,,,,,10k,17k,20.8k,27.8k,33.8k,43.1k,60.1k,60.4k,64.4k,69.8k,81k,34.8k,580,120,130,370,120,5170,20.2k,50.2k,51.2k,72.3k,194k,635k,921k,1.12M,1.25M,1.32M,1.45M,1.17M,234k,126k,34.7k,33.7k,56,26,24,45,129,106,94,93,216,213,198,130,120,147,155,51,55,55,48,48,57,77,81,90,109,111
Mauritania,,,,,,,,,,,,,,,,,,,,,,,,,,,,,,,,,,,,,0,0,48.2k,66k,79.9k,79.6k,67.9k,68k,84.3k,83.2k,70.3k,70.2k,29.9k,29.7k,29.9k,30.1k,30.5k,31.1k,31.6k,33.4k,33.1k,45.6k,39.1k,37.7k,39.9k,33.7k,34.2k,34.1k,34.7k,36.3k,36.5k,37k,37.4k,37.9k,39.3k,36.9k,37.2k
Mauritius,,,,,,,,,,,,,,,,,,,,,,,,,,,,,,,,,,,,,,,,,,,,,12,10,0,12,5,29,30,39,54,15,22,75,67,20,21,25,36,57,72,91,101,106,130,156,178,176,198,208,214
Malawi,,,,,,,,,,,,,,,,150,300,140,190,250,250,250,100,80,30.4k,60,1050,310,460,420,70,240,440,440,450,440,450,5,5,55,50,50,43,60,37,40,37,27,34,34,26,48,60,95,98,112,93,103,126,168,216,273,323,356,429,427,434,472,514,514,513,499,506
Malaysia,,,,,,,,,,,,,,,,,,,,,,,,,,,0,0,0,0,0,0,0,0,0,0,0,0,0,0,5,5,5,83,82,105,88,87,83,79,77,117,235,287,388,575,611,607,530,550,531,523,478,458,435,453,540,817,906,1060,1180,1360,1380
Namibia,,,,,,,,,,,,,,,,180,230,1330,840,900,900,1000,3410,3420,3970,9020,12.9k,35.8k,40.6k,55.6k,74.5k,75.2k,75.1k,77.5k,76.9k,77k,75.7k,76.6k,3700,532,204,17,133,65,12,13,0,1900,702,2310,2300,1300,1290,1310,1220,1200,1120,976,918,1010,1070,1100,1140,1250,1270,1360,1370,1330,459,457,441,317,335
Niger,,,,,,,,,,,,,,,,,,,,,,,,,,,0,0,0,0,0,0,0,0,0,0,0,0,0,0,0,22k,22.3k,22k,10.3k,10.4k,2780,418,508,483,478,829,716,676,642,803,817,789,812,794,805,824,674,728,1380,1230,1360,2720,3060,18.9k,21.9k,21.9k,23.3k
Nigeria,,,,,,,,,,,,,,,,,,51.1k,2850,0,0,0,0,0,0,0,0,0,0,0,0,0,0,0,0,0,5,15,15,15,22,75,95,587,1940,4750,3040,4000,4440,5740,6080,24.6k,24.4k,23.9k,22.1k,13.2k,13.9k,14.2k,15.6k,15.6k,17.1k,18k,31.2k,90.9k,168k,229k,239k,277k,296k,353k,384k,391k,381k
Nicaragua,,,,,,,,,,,,,,,,,,,,,,0,0,0,0,0,0,145k,16.6k,960,2500,19k,23.5k,35k,52.6k,67.5k,68.5k,86.6k,97.7k,52.6k,46.8k,44.3k,33.1k,28.6k,23.9k,22.8k,22.5k,21.4k,20.6k,5070,4400,4050,3980,1820,1460,1830,1900,1530,1470,1430,1460,1530,1530,1580,1470,1410,1470,1670,4380,8700,11k,16.1k,18.5k
Norway,0,0,0,0,0,0,0,0,0,0,0,0,0,0,0,0,0,0,0,0,0,0,0,0,0,0,0,0,0,0,0,0,0,0,0,0,0,0,0,0,0,0,0,0,0,0,0,0,0,0,0,5,5,5,12,0,0,0,0,0,5,5,15,15,10,10,15,5,5,5,5,5,10
Nepal,,,,,,,,,,,,,,0,0,0,0,0,0,0,0,0,0,0,0,0,0,0,0,0,0,0,0,0,0,0,0,0,0,0,0,0,0,5,27,44,49,95,178,227,300,899,1230,1410,2060,2650,3360,4190,5100,5880,6850,7600,8100,8540,9050,8360,8420,8590,8030,7480,7030,7330,7310
Nauru,,,,,,,,,,,,,,,,,,,,,,,,,,,,,,,,,,,,,,,,,,,,,,,,,5,5,0,0,5,0,0,0,0,0,0,0,0,0,0,0,0,0,0,0,0,5,5,5,5
New Zealand,,,,,,,,,,,,,,,,,0,0,0,0,0,0,0,0,0,0,0,0,0,0,0,0,0,0,0,0,0,0,0,0,0,0,0,0,0,0,0,0,0,0,0,0,0,0,5,7,12,8,9,11,13,19,15,14,16,25,34,34,34,35,33,48,48
Oman,,,,,,,,,,,,,,,,,,,,,,,,,,,,,,,,,,,,,,,,,,,,5,9,8,8,8,8,5,5,19,5,16,10,37,44,55,63,62,58,62,20,25,36,35,39,42,42,47,53,59,78
Pakistan,,,,,,,,,,,,,,,,,,,,,,,,,,,,,0,0,0,0,0,0,0,0,0,274,409,485,523,1090,1420,4430,5280,7500,5980,6860,8010,10.1k,12.3k,23.2k,24.4k,25.9k,29.9k,25.6k,31.8k,32.4k,35.1k,40k,35.9k,49.8k,48.7k,336k,298k,105k,129k,132k,137k,133k,133k,112k,116k
Panama,,,,,,,,,,,,,,,,,,,,,,0,0,0,0,0,0,0,0,0,0,0,0,0,0,0,0,47,365,629,640,652,677,486,158,146,123,86,73,70,36,44,29,38,41,72,105,106,102,94,98,107,99,83,62,33,36,44,45,70,118,140,190
Peru,,,,,,,,,,,,,,,,,,,,0,0,0,0,0,0,0,0,0,0,0,0,0,0,0,0,0,0,5,26,255,473,727,1970,4330,5900,6700,6610,7070,7210,6950,6500,6430,5580,4770,4860,6980,7740,7330,6270,5830,5490,5210,4760,4330,3590,2600,2590,2580,2770,2830,3520,4020,4480
Philippines,,,,,,,,,,,,,,,,,,,,,,,,,0,0,90k,92k,90k,90k,90k,90k,100k,100k,90k,90k,90k,90k,90k,11,15,45,111,435,515,599,526,45.6k,45.5k,45.5k,45.5k,45.6k,409,428,464,888,1550,1350,987,963,945,979,718,660,582,426,445,522,554,469,521,586,603
Palau,,,,,,,,,,,,,,,,,,,,,,,,,,,,,,,,,,,,,,,,,,,,,,,,,,,,,,,,,,,0,0,0,0,0,0,0,0,0,0,0,0,0,5,0
Papua New Guinea,,,,,,,,,,,,,,,,,,,,,,,,,,,,0,0,0,0,0,0,0,0,0,0,0,0,0,0,0,0,0,2000,2010,806,216,6,6,6,12,12,12,20,27,33,44,68,87,126,172,219,285,335,401,406,424,475,510,507,610,610
Poland,,,,,,,,,,,,,,,,,,,,150,150,140,100,70,60,50,0,50,0,471,505,775,761,994,1660,1100,1480,23.3k,23.1k,25.6k,21.6k,14.5k,13.4k,35.9k,19.7k,12.9k,7290,1880,1240,859,3190,16.7k,15.2k,10.7k,19.6k,13.5k,2910,2390,2050,1760,1810,1640,1430,1310,1300,1160,1120,1090,961,910,887,971,953
North Korea,,,,,,,,,,,,,,,,,,,,,,,,,,,,,,,,,,,,,,,,,,,,,,10,0,5,10,15,17,256,306,344,287,394,602,881,878,915,1050,1130,1160,1280,1090,1420,1180,797,758,689,528,267,239
Portugal,,,,,,,,,,,,,,,,,,,,,,,,,0,0,0,0,0,0,0,0,0,0,0,0,0,0,0,0,0,0,0,25,23,218,213,21,16,24,14,60,54,43,74,25,29,35,30,29,29,32,27,30,28,20,16,20,25,27,26,55,43
Paraguay,,,,,,,,,,,,,,,,,,,0,0,0,0,0,0,0,0,0,0,0,0,0,0,0,0,0,0,0,0,0,19,8,10,15,64,51,45,19,16,20,20,6,26,34,34,42,103,99,97,77,86,91,101,91,87,88,68,77,73,84,119,125,139,156
Palestine,,,,,,,,,,,,,,,,,,,,,,,,,,3200,0,0,0,0,0,9800,9110,0,31.6k,52.7k,2010,5010,8040,8520,65.2k,95.3k,81.5k,82.6k,72.8k,80.2k,76.8k,77.5k,101k,111k,349k,429k,351k,350k,350k,334k,341k,340k,95.2k,93.3k,94.1k,94.9k,96k,97.2k,98k,97.8k,99.6k,101k,96.3k,100k,104k,104k,106k
Qatar,,,,,,,,,,,,,,,,,,,,,,,,,,,,,,0,0,0,0,0,0,0,0,0,0,0,0,0,0,49,30,17,18,21,6,0,0,10,14,10,6,48,57,69,66,109,93,123,15,23,21,25,31,30,36,33,47,40,49
Romania,,,,,,,,,,,,,,,,,,,,100,60,90,90,70,70,0,0,60,0,772,854,1160,1210,962,2200,1020,1890,20.2k,46k,51.3k,27.2k,25.1k,23.6k,22.3k,17k,11.9k,8960,10.9k,8560,7350,6050,8840,8380,6040,11.5k,7220,5300,4750,4350,3930,3420,2800,2330,1920,1730,1200,1210,1160,1350,1340,1420,3960,1760
Russia,,,,,,,,,,,,,,120,0,18k,0,0,0,170,160,150,110,80,70,60,50,50,0,10.8k,11.6k,11.6k,11.6k,11.6k,11.6k,10.2k,8680,33.6k,68.5k,118k,156k,214k,243k,251k,207k,174k,198k,173k,28.3k,40.3k,45.2k,91.6k,96.4k,108k,103k,159k,93.2k,103k,109k,112k,110k,111k,74.3k,70.6k,67k,62.8k,61.6k,61.5k,62.4k,52.7k,68.5k,80.1k,85.4k
Rwanda,,,,,,,,,,,147k,147k,154k,166k,156k,160k,160k,160k,145k,142k,142k,154k,164k,178k,176k,176k,170k,175k,177k,287k,277k,328k,322k,357k,377k,372k,353k,328k,320k,361k,431k,435k,450k,2.26M,1.82M,469k,68k,77.7k,88.9k,119k,84.5k,75.3k,75.3k,63.8k,100k,93k,81k,72.5k,129k,116k,107k,97.4k,83.9k,79.4k,286k,286k,259k,247k,246k,246k,248k,250k,250k
Saudi Arabia,,,,,,,,,,,,,,,,,,,,,,,,0,0,0,0,0,0,0,0,0,0,0,0,0,0,0,0,0,0,0,5,180,261,244,358,362,233,77,29,104,232,212,146,609,737,700,629,659,733,811,575,616,686,937,1220,1490,1720,2000,2170,1940,2100
Sudan,,,,,,,,,,,,,13k,20.3k,81.6k,115k,121k,176k,170k,173k,171k,128k,13.1k,11.8k,11k,10.6k,10.8k,10.8k,10.8k,10.8k,5350,5350,31k,180k,181k,133k,253k,347k,439k,524k,196k,268k,394k,405k,445k,475k,365k,390k,485k,494k,490k,509k,606k,731k,694k,686k,523k,419k,368k,387k,500k,569k,649k,666k,627k,650k,695k,725k,735k,788k,825k,837k,1.03M
Senegal,,,,,,,,,,,,,0,0,0,0,0,0,0,0,0,0,0,0,0,0,0,0,0,0,0,0,0,0,0,0,0,5,15k,60k,25.1k,15.5k,22.6k,25.6k,17.6k,17.6k,17.2k,9710,11.6k,11.1k,8550,12.1k,8350,8330,8660,15.2k,15.9k,16k,16.3k,16.3k,17.7k,18.7k,19.8k,23.1k,21.3k,23.1k,26.6k,18.2k,17.2k,14k,15.1k,13.1k,13.5k
Singapore,,,,,,,,,,,,,,,,,,,,,,,,,,,,0,0,0,0,0,0,0,0,0,0,8,5,0,0,0,0,8,8,18,20,21,24,21,15,40,35,36,35,108,117,106,77,74,65,64,61,55,50,38,48,46,39,37,34,33,37
Solomon Islands,,,,,,,,,,,,,,,,,,,,,,,,,,,,,,,,,,,,,,,,,,,,,34,34,34,34,34,34,42,55,61,61,27,37,47,51,65,75,72,60,60,70,71,71,57,33,34,37,38,44,46
Sierra Leone,,,,,,,,,,,,,,,,,,,0,0,0,0,0,0,0,0,0,0,0,0,0,0,0,0,0,0,0,8,8,8,143k,254k,311k,275k,379k,375k,329k,406k,490k,403k,179k,141k,70.6k,41.8k,40.5k,42.8k,32.1k,32.5k,15.4k,11.3k,7990,6190,5310,4990,4900,4680,4500,4850,5290,5730,6620,6940,6990
El Salvador,,,,,,,,,,,,,,,,,,,,,,0,0,0,0,0,0,0,0,91.6k,305k,242k,245k,243k,181k,172k,168k,166k,39.6k,30k,33k,30.9k,26.1k,30.7k,23.5k,19.6k,17.1k,12.6k,12.4k,7750,7150,6630,5660,4500,4280,6390,6030,5150,5050,4980,6730,8170,9630,11k,14.8k,19.6k,25.9k,32.6k,41.8k,45.6k,52k,58.6k,62.2k
San Marino,,,,,,,,,,,,,,,,,,,,,,,,,,,,,,,,,,,,,,,,,,,,,,,,5,5,5,0,5,0,0,0,,,,,,,,,,,,,,,,,,
Somalia,,,,,,,,,,,,,,,,,,,,,,,,,110,50,60,90,90,134,34,118,39,639,1830,3140,60.2k,352k,360k,470k,733k,812k,575k,631k,639k,637k,608k,558k,525k,476k,440k,432k,402k,389k,396k,464k,457k,561k,678k,770k,1.08M,1.14M,1.12M,1.11M,1.12M,1.01M,986k,950k,902k,812k,777k,787k,815k
Serbia,,,,,,,,,,,,,,,0,0,0,0,130,150,140,130,130,120,120,0,0,4200,0,270,214,177,157,91,91,72,42,99,96,1750,45.8k,90.1k,58.3k,55k,86.1k,104k,107k,115k,173k,147k,144k,328k,297k,237k,190k,174k,166k,186k,196k,183k,162k,159k,48.7k,45.7k,38.6k,36.9k,33.2k,32.4k,31.3k,30k,31.7k,30.7k,30.3k
South Sudan,,,,,,,,,,,,,,,,,,,,,,,,,,,,,,,,,,,,,,,,,,,,,,,,,,,,,,,,,,,,,0,87k,114k,616k,779k,1.44M,2.44M,2.29M,2.23M,2.19M,2.36M,2.3M,2.23M
Sao Tome and Principe,,,,,,,,,,,,,,,,,,,,,,,,,,,,,,,,,,,50,0,0,0,0,0,0,0,0,28,32,47,42,39,29,23,21,41,41,36,23,30,32,32,32,32,32,31,31,24,24,31,31,31,28,28,6,11,11
Suriname,,,,,,,,,,,,,,,,,,,,,,,,,,,,,,,,,,,,,,,6600,6620,5920,2550,894,915,817,754,663,491,413,334,239,101,67,47,26,65,62,50,44,24,22,14,17,17,19,16,17,22,17,17,22,35,41
Slovak Republic,,,,,,,,,,,,,,,,,,,,,,,,,,,,,,,,,,,,,,,,,,,0,12,24,57,69,143,178,216,189,596,668,618,787,741,346,333,336,157,271,231,321,316,325,792,913,1220,1340,1370,1430,569,612
Slovenia,,,,,,,,,,,,,,,,,,,,,,,,,,,,,,,,,,,,,,,,,,0,28.4k,14.8k,12.9k,3370,3410,3300,3290,3280,762,853,608,580,154,1760,47,49,35,35,30,32,27,25,21,20,17,19,19,17,17,7,7
Sweden,0,0,0,0,0,0,0,0,0,0,0,0,0,0,0,0,0,0,0,0,0,0,0,0,0,0,0,0,0,0,0,0,0,0,0,0,0,0,0,0,0,0,0,11,25,37,39,39,30,17,5,27,35,30,75,16,17,16,15,23,23,21,18,18,18,13,14,16,13,8,9,23,19
Eswatini,,,,,,,,,,,,,,,,,,,,0,0,0,0,0,0,0,0,0,0,0,0,0,0,0,0,0,0,0,0,0,0,0,0,11,15,16,17,29,27,16,15,20,0,6,12,16,21,28,28,32,39,59,103,151,213,224,231,237,224,198,165,127,122
Seychelles,,,,,,,,,,,,,,,,,,,,,,,,,,,,,,,,,,,,,,49,49,58,67,52,27,553,339,138,32,38,30,25,14,43,37,47,39,61,54,51,47,47,39,30,24,23,19,10,10,15,15,10,14,9,9
Syria,,,,,,,,,,,,,,,,,,1200,1200,0,0,0,0,0,0,0,0,0,500,500,505,505,526,529,2600,534,20,881,397,2150,3040,4410,5410,7090,8000,8610,8650,8130,6690,5870,4860,18.9k,20.8k,21.4k,16.4k,12.3k,13.7k,15.2k,17.9k,18.5k,19.9k,729k,2.47M,3.89M,4.87M,5.52M,6.31M,6.65M,6.62M,6.7M,6.85M,6.56M,6.49M
Chad,,,,,,,,,,,,,,,,,,,,1900,1400,1500,1500,0,0,0,0,0,10k,221k,234k,17k,16.7k,181k,212k,170k,147k,131k,126k,185k,72.3k,66.4k,213k,212k,59.7k,58.4k,55k,61.3k,58.8k,55k,46.3k,47.3k,52.3k,52.6k,48.4k,36.3k,55.7k,55.1k,55k,53.7k,42.6k,39.7k,48.6k,48.2k,14.9k,14.2k,16.3k,10.9k,11.2k,10.4k,11.8k,12.8k,9450
Togo,,,,,,,,,,,0,0,0,0,0,0,0,0,0,0,0,0,0,0,0,0,0,0,0,0,0,0,0,0,5,5,5,5,5,5,17,105,291k,168k,93.2k,25.6k,7180,3500,3700,4020,4360,10.4k,10.6k,10.8k,51.1k,27.3k,22.5k,16.7k,18.4k,18.3k,17.9k,15.7k,10.3k,9270,8770,8300,8120,8030,8030,7700,7990,7870,7960
Thailand,,,,,,,,,,,,,,,,,,,,,,,,,0,0,0,0,0,0,0,0,0,0,0,0,0,0,0,18,29,33,33,135,209,282,268,290,315,213,90,342,295,320,424,3320,2320,1810,498,351,365,378,220,223,209,147,164,183,173,174,181,210,218
Tajikistan,,,,,,,,,,,,,,,,,,,,,,,,,,,,,,,,,,,,,,,,,,60k,70.1k,57.1k,59k,108k,75.9k,56.4k,45.2k,59.9k,56.1k,63.3k,58.9k,56.8k,54.8k,646,887,541,556,573,604,669,657,722,790,932,1370,1700,1990,2220,2410,2950,3680
Turkmenistan,,,,,,,,,,,,,,,,,,,,,,,,,,,,,,,,,,,,,,,,,,,0,7,45,2940,3180,1560,1050,299,305,797,836,815,818,689,667,735,734,723,711,708,502,470,446,371,365,457,478,498,563,2240,2870
Timor-Leste,,,,,,,,,,,,,,,,,,,,,,,,,,,,,,,,,,,,,,,,,,,,,,,,,162k,122k,73k,28.1k,127,221,251,251,6,7,7,8,8,8,8,13,19,19,13,12,17,11,11,6,6
Tonga,,,,,,,,,,,,,,,,,,,,,,,,,,,,,,,,,,,,,,,,,,,,,,5,5,0,0,5,0,7,11,5,0,5,0,5,5,5,7,11,16,19,22,25,34,32,32,31,28,30,40
Trinidad and Tobago,,,,,,,,,,,,,,,,,,,,,,,,,,,,,,,,,,,,,,,,,,,,12,12,17,20,25,24,24,16,35,39,38,61,151,210,228,239,252,296,335,336,371,369,295,310,323,307,295,285,296,301
Tunisia,0,0,0,0,0,0,0,0,0,0,0,0,0,0,0,0,0,0,0,0,0,0,0,0,0,0,0,0,0,0,0,0,5,6,6,6,6,7,7,40,61,88,106,208,327,410,703,931,1240,1210,1360,2540,2560,2510,3120,2840,2490,2330,2240,2160,1930,1920,1360,1480,1550,1690,1830,1990,2070,1640,2200,2690,2930
Turkey,0,0,0,0,0,0,0,0,0,0,0,0,0,0,0,0,0,0,0,0,0,250,0,0,0,0,70,60,60,0,0,300,540,1040,810,850,1090,150,2760,5510,6450,10.1k,16.8k,28.9k,44.9k,50.4k,47.3k,45k,44k,47.2k,47.1k,194k,185k,175k,171k,227k,222k,214k,146k,147k,140k,135k,66.6k,63.9k,59.5k,57.9k,61.4k,68.9k,83.2k,93.7k,105k,93.5k,116k
Tuvalu,,,,,,,,,,,,,,,,,,,,,,,,,,,,,,,,,,,,,,,,,,,,,5,5,5,5,5,5,5,5,5,5,0,5,0,0,0,0,0,0,,,,,,,,,,,
Tanzania,,,,,,,,,,,0,0,0,0,0,0,0,0,0,0,0,0,0,320,0,90,300,300,600,300,3000,500,500,500,0,0,2000,5,10,10,13,19,32,62,69,66,59,100,117,310,369,578,703,982,1540,1670,1250,1260,1190,1140,1150,1110,1030,843,810,579,655,723,695,689,752,790,852
Uganda,,,,,,,,,,,0,0,0,0,0,0,0,0,0,0,0,0,950,2630,2510,3250,8000,8820,88.7k,224k,177k,271k,315k,294k,306k,239k,111k,22k,21.4k,58.8k,39.4k,32.5k,33.4k,31.4k,24.2k,28.3k,55.2k,13.3k,13.9k,32.4k,40.1k,40.4k,35.2k,32k,34.2k,21.7k,21.3k,7530,7540,6420,5660,5590,8170,7180,6310,6230,6410,7030,7300,7440,7890,7570,7720
Ukraine,,,,,,,,,,,,,,,,,,,,,,,,,,,,,,,,,,,,,,,,,,39,133,917,1700,6110,6350,4600,12.2k,19.3k,26.7k,85.3k,94.1k,89.6k,84.2k,63.7k,26k,28.4k,24.5k,25.1k,25.4k,25.2k,5150,238k,321k,239k,140k,93.2k,59.8k,35.2k,27.6k,5.68M,5.87M
Uruguay,,,,,,,,,,,,,,,,,,,,0,0,0,0,3000,570,1160,0,0,0,24,24,525,25,165,537,47,39,33,203,843,601,431,164,363,263,202,87,72,36,48,45,60,59,76,107,158,193,194,183,185,183,168,144,119,84,23,12,7,15,15,45,82,91
USA,0,0,0,0,0,0,0,0,0,0,0,0,0,0,0,0,0,0,0,0,0,0,0,0,0,0,0,0,0,0,0,0,0,0,0,0,0,0,0,0,8,8,10,364,243,141,75,50,38,173,220,383,394,451,676,1350,2160,2130,2370,3020,3780,4450,4760,4980,4820,302,310,332,297,349,426,1330,1290
Uzbekistan,,,,,,,,,,,,,,,,,,,,,,,,,,,,,,,,,,,,,,,,,,,0,29.1k,142,69.7k,69.1k,51.7k,45.5k,3630,3450,6880,7390,7290,8320,9100,5660,6300,6660,8840,12.7k,11.6k,4950,4790,4200,3820,3410,3280,3220,3110,3010,4350,4550
St. Vincent and the Grenadines,,,,,,,,,,,,,,,,,,,,,,,,,,,,,,,,,,,,,,,,,,,,7,7,13,13,24,36,48,67,81,105,181,279,386,644,748,847,946,1130,1320,1540,1740,1820,1340,1310,1260,979,742,467,136,133
Venezuela,,,,,,,,,,,,,,,,,,,0,0,0,0,0,0,0,0,0,0,0,0,0,0,0,0,0,0,0,0,0,0,0,5,135,370,478,558,606,568,554,469,464,525,598,1250,2580,3820,5090,5800,6220,6700,7580,8200,8400,8010,7460,7540,9270,21k,93.2k,171k,199k,230k,301k
Vietnam,,,,,,,,,,,,,,10k,15k,17k,20k,22k,22k,20k,0,0,0,0,2110,4000,14.4k,124k,397k,347k,313k,325k,328k,328k,327k,327k,326k,440k,457k,496k,498k,517k,528k,539k,544k,518k,477k,435k,405k,371k,353k,374k,363k,350k,358k,374k,328k,328k,339k,339k,338k,337k,314k,313k,313k,329k,334k,334k,316k,317k,318k,17.5k,18k
Vanuatu,,,,,,,,,,,,,,,,,,,,,,,,,,,,,,,,,,,,,,,,,,,,,,,,,,,,,,,,,,0,0,0,0,0,0,0,0,0,0,0,0,0,0,5,5
Samoa,,,,,,,,,,,,,,,,,,,,,,,,,,,,,,,,,,,,,,,,,,,,,,,,,,,0,0,0,0,0,0,0,5,0,0,0,0,0,0,0,0,0,0,0,0,5,8,8
Yemen,,,,,,,,,,,,,,,,,,,,,,,,,,,0,15k,15k,15k,0,0,0,0,0,100k,70k,77k,77k,5,74,31,37,151,366,1150,1720,1930,2020,2100,1980,1600,1590,1600,1320,1360,1620,1760,1930,2070,2320,2580,2410,2620,15.9k,18.4k,23.6k,31.1k,36.5k,32.4k,37.6k,40.1k,43.5k
South Africa,,,,,,,,,,,,,,,,390,450,740,290,460,850,790,940,1380,1360,2180,2400,3840,7280,24.3k,24.9k,28.4k,34.5k,38.6k,38.1k,33.2k,26.1k,24.9k,17.1k,14.8k,11.2k,9240,9090,1510,492,286,241,184,190,168,131,271,284,261,259,501,474,449,380,374,422,413,424,422,447,452,461,482,441,474,643,784,811
Zambia,,,,,,,,,,,,,,,0,0,0,15k,13k,9000,750,750,750,4000,750,750,0,0,1000,1210,1200,1200,1200,0,0,0,0,0,0,0,0,1990,1570,15,22,39,62,75,86,91,55,84,95,119,146,199,192,191,201,221,234,240,230,309,334,256,260,266,259,252,255,296,303
Zimbabwe,,,,,,,,,,,,,,,,,,,,,,,,,14.7k,31.2k,76.5k,163k,198k,160,190,0,3200,3760,4250,3230,3830,629,5,5,128,8,14,38,37,36,37,40,40,109,257,4020,7150,9560,11.2k,12.8k,14.4k,16.8k,22.4k,24.1k,25k,22.1k,19.7k,22.5k,21.3k,18.1k,17.4k,15.6k,10k,8580,8120,7020,7270
